Date,Open,High,Low,Close,Volume,Name
2012-08-10,159.29,162.53,158.36,162.34,600546,ABT
2012-08-13,161.89,162.23,160.48,160.8,509248,ABT
2012-08-14,161.2,162.2,159.45,159.91,362115,ABT
2012-08-15,159.05,160.48,158.54,159.66,719666,ABT
2012-08-16,160.02,162.18,159.73,161.96,399593,ABT
2012-08-17,162.18,162.18,159.95,160.5,398812,ABT
2012-08-20,160.3,160.62,157.25,158.3,382906,ABT
2012-08-21,159.25,159.79,156.8,157.05,437237,ABT
2012-08-22,156.98,158.41,156.39,157.96,494866,ABT
2012-08-23,157.71,158.21,154.43,154.64,415008,ABT
2012-08-24,153.95,156.39,153.57,155.84,463583,ABT
2012-08-27,156.27,156.75,154.68,155.46,457334,ABT
2012-08-28,155.3,156.2,154.46,155.91,592859,ABT
2012-08-29,156.27,156.98,154.84,155.82,388750,ABT
2012-08-30,154.5,156.71,154.11,155.34,499846,ABT
2012-08-31,156.89,157.84,155.27,156.96,454629,ABT
2012-09-04,155.57,156.3,154.18,154.88,534097,ABT
2012-09-05,154.88,155.5,153.48,153.93,467611,ABT
2012-09-06,155.7,160.8,155.52,159.59,617342,ABT
2012-09-07,159.05,163.55,158.84,163.39,597162,ABT
2012-09-10,163.57,168.04,162.98,166.27,1254453,ABT
2012-09-11,166.54,168.18,166.27,167.75,682359,ABT
2012-09-12,168.68,169.2,167.05,167.55,397888,ABT
2012-09-13,167.38,172.27,166.54,170.89,374304,ABT
2012-09-14,171.54,174.29,171.5,172.8,712592,ABT
2012-09-17,172.27,172.41,169.04,169.73,607717,ABT
2012-09-18,169.29,169.86,166.98,168.39,550423,ABT
2012-09-19,168.25,168.66,166.29,166.75,450953,ABT
2012-09-20,165.66,167.29,163.61,166.46,569683,ABT
2012-09-21,167.88,168.38,165.77,166.55,673018,ABT
2012-09-24,165.62,166.46,165.07,165.62,400698,ABT
2012-09-25,166.36,167.52,164.14,164.18,421035,ABT
2012-09-26,163.73,164.46,162.29,162.82,466357,ABT
2012-09-27,163.95,166.77,163.62,166.27,399626,ABT
2012-09-28,165.02,166.39,164.36,165.55,464072,ABT
2012-10-01,162.61,167.14,162.61,164.7,639684,ABT
2012-10-02,166.29,167.88,164.38,167.64,638430,ABT
2012-10-03,167.77,168.12,164.66,165.7,502825,ABT
2012-10-04,166.38,167.66,165.07,165.8,476618,ABT
2012-10-05,166.5,167.21,165.16,166.75,822360,ABT
2012-10-08,165.48,168.57,165.2,168.39,608321,ABT
2012-10-09,168.84,169.95,167.57,168.52,506273,ABT
2012-10-10,168.39,170.54,167.68,168.05,601739,ABT
2012-10-11,168.8,169.2,166.09,166.59,745140,ABT
2012-10-12,166.39,167.86,165.59,167.46,543559,ABT
2012-10-15,167.86,167.86,165.18,167.45,399853,ABT
2012-10-16,167.86,170.38,167.45,169.09,394193,ABT
2012-10-17,169.84,172.12,169.21,171.68,402135,ABT
2012-10-18,171.11,172.79,170.62,172.32,475985,ABT
2012-10-19,171.88,172.23,168.02,168.29,450077,ABT
2012-10-22,166.89,171.86,166.14,168.34,711082,ABT
2012-10-23,165.09,165.46,162.52,163.41,539909,ABT
2012-10-24,164.79,164.79,160.71,161.04,630441,ABT
2012-10-25,161.61,165.96,160.75,165.84,860179,ABT
2012-10-26,165.59,170.36,165.23,168.66,739351,ABT
2012-10-31,166.64,170.27,166.64,169.66,820810,ABT
2012-11-01,169.64,170.46,167.18,170.36,542478,ABT
2012-11-02,170.73,171.71,169.12,169.64,501180,ABT
2012-11-05,169.66,171.18,168.02,170.86,395299,ABT
2012-11-06,171.79,173.39,170.55,172.7,682526,ABT
2012-11-07,170.39,170.59,168.21,169.64,549239,ABT
2012-11-08,169.64,170.91,168.91,169.16,891061,ABT
2012-11-09,168.89,171.34,168.71,169.66,484162,ABT
2012-11-12,170.09,170.18,168.71,169.64,353277,ABT
2012-11-13,167.91,170.95,167.77,169.64,443564,ABT
2012-11-14,170.16,170.16,167.14,168.75,614948,ABT
2012-11-15,168.91,170.02,164.04,165.32,1245534,ABT
2012-11-16,166.3,167.0,162.87,164.07,1322922,ABT
2012-11-19,166.23,168.75,166.16,167.55,658814,ABT
2012-11-20,168.27,171.16,167.41,169.29,793752,ABT
2012-11-21,170.09,171.09,168.77,170.2,571859,ABT
2012-11-23,170.71,172.54,169.89,172.41,281741,ABT
2012-11-26,171.77,172.75,169.73,172.59,775376,ABT
2012-11-27,171.59,172.91,170.14,171.77,565088,ABT
2012-11-28,169.64,173.29,168.7,173.14,456903,ABT
2012-11-29,174.11,176.02,173.77,174.64,665195,ABT
2012-11-30,174.98,175.93,173.64,174.55,602758,ABT
2012-12-03,176.48,176.79,171.7,171.91,758832,ABT
2012-12-04,171.43,172.52,170.56,171.34,375185,ABT
2012-12-05,172.21,173.68,170.59,171.5,762550,ABT
2012-12-06,172.36,177.45,172.36,177.38,1265443,ABT
2012-12-07,177.82,181.59,176.59,181.16,842059,ABT
2012-12-10,183.14,183.14,178.8,179.29,599778,ABT
2012-12-11,179.79,180.97,179.62,180.5,454562,ABT
2012-12-12,181.09,182.66,179.52,181.82,548685,ABT
2012-12-13,181.14,181.7,176.86,177.32,533956,ABT
2012-12-14,177.55,178.68,176.36,178.61,675678,ABT
2012-12-17,179.04,181.11,177.93,179.64,598046,ABT
2012-12-18,179.48,184.08,178.77,183.59,564052,ABT
2012-12-19,183.27,183.59,181.14,181.62,400665,ABT
2012-12-20,181.46,183.39,180.62,183.39,456236,ABT
2012-12-21,181.09,183.8,180.66,183.16,716918,ABT
2012-12-24,182.34,183.16,181.32,181.5,141149,ABT
2012-12-26,182.21,183.57,179.84,180.29,263101,ABT
2012-12-27,180.29,181.04,178.27,179.8,280216,ABT
2012-12-28,179.45,180.18,176.48,176.62,462623,ABT
2012-12-31,176.39,181.93,176.18,181.68,474035,ABT
2013-01-02,184.7,185.39,181.89,184.38,436816,ABT
2013-01-03,183.8,186.14,182.73,184.36,398938,ABT
2013-01-04,184.32,187.45,184.32,187.32,423262,ABT
2013-01-07,186.5,187.88,185.41,187.66,449362,ABT
2013-01-08,186.0,186.0,183.66,185.82,665490,ABT
2013-01-09,186.88,187.0,184.45,185.43,479701,ABT
2013-01-10,186.82,187.2,185.32,186.77,500888,ABT
2013-01-11,186.59,188.54,185.82,188.52,560648,ABT
2013-01-14,188.05,189.11,187.73,188.27,301178,ABT
2013-01-15,187.23,188.21,186.02,188.05,313840,ABT
2013-01-16,187.62,189.41,187.14,188.84,241860,ABT
2013-01-17,190.2,191.57,189.38,191.02,618476,ABT
2013-01-18,191.07,191.07,187.61,190.39,581782,ABT
2013-01-22,190.57,194.71,189.91,194.71,576660,ABT
2013-01-23,194.04,194.04,191.3,191.62,284534,ABT
2013-01-24,191.7,194.21,190.84,192.14,351186,ABT
2013-01-25,192.55,194.02,191.36,193.39,306530,ABT
2013-01-28,193.98,193.98,190.88,192.07,311735,ABT
2013-01-29,192.36,195.39,191.82,195.11,347099,ABT
2013-01-30,195.21,196.57,192.93,193.27,412950,ABT
2013-01-31,192.68,194.04,191.29,192.48,442458,ABT
2013-02-01,193.77,195.32,192.62,194.98,462392,ABT
2013-02-04,193.32,194.8,192.36,194.23,367428,ABT
2013-02-05,195.54,200.04,195.35,199.86,756907,ABT
2013-02-06,198.2,202.98,198.02,202.8,666855,ABT
2013-02-07,201.5,204.25,199.94,202.95,585404,ABT
2013-02-08,203.55,206.41,202.5,206.0,554664,ABT
2013-02-11,205.27,205.39,200.27,201.34,681880,ABT
2013-02-12,200.36,201.3,199.11,200.39,492670,ABT
2013-02-13,200.77,202.45,200.21,200.48,451418,ABT
2013-02-14,200.0,201.32,199.52,200.27,466369,ABT
2013-02-15,200.55,200.82,198.36,200.04,696287,ABT
2013-02-19,200.91,203.7,200.91,203.39,1052317,ABT
2013-02-20,203.57,203.88,198.66,198.82,555734,ABT
2013-02-21,198.73,199.11,196.19,196.54,538005,ABT
2013-02-22,198.14,199.46,196.77,199.27,636337,ABT
2013-02-25,200.0,200.7,193.61,193.62,705432,ABT
2013-02-26,195.27,195.27,191.54,194.27,537364,ABT
2013-02-27,194.3,197.57,194.3,196.93,614669,ABT
2013-02-28,197.3,199.36,196.45,197.91,569255,ABT
2013-03-01,196.7,197.17,194.66,196.5,504174,ABT
2013-03-04,196.43,196.59,193.27,196.55,532594,ABT
2013-03-05,197.96,198.66,192.91,195.27,1146716,ABT
2013-03-06,196.11,196.91,194.75,196.29,647083,ABT
2013-03-07,196.52,200.98,196.5,200.62,649512,ABT
2013-03-08,201.45,201.45,198.61,200.88,601667,ABT
2013-03-11,200.5,202.57,199.46,201.84,410314,ABT
2013-03-12,202.2,203.34,200.89,203.21,395960,ABT
2013-03-13,202.88,204.46,202.39,204.12,540835,ABT
2013-03-14,204.12,207.59,203.98,207.11,565527,ABT
2013-03-15,206.54,208.29,206.1,207.95,998165,ABT
2013-03-18,205.39,207.32,204.68,206.52,585166,ABT
2013-03-19,206.89,207.02,203.07,204.02,448754,ABT
2013-03-20,205.18,206.52,202.52,203.52,530028,ABT
2013-03-21,202.09,203.84,200.7,201.79,392042,ABT
2013-03-22,202.52,204.32,202.09,203.86,466233,ABT
2013-03-25,204.82,205.75,201.36,202.12,319768,ABT
2013-03-26,203.09,206.79,203.09,206.43,267217,ABT
2013-03-27,205.45,206.54,203.64,205.77,232273,ABT
2013-03-28,206.09,207.95,204.78,206.54,470823,ABT
2013-04-01,207.77,208.41,204.62,207.14,314648,ABT
2013-04-02,207.05,208.3,205.91,206.93,432878,ABT
2013-04-03,208.2,209.96,204.02,205.79,599792,ABT
2013-04-04,206.55,207.23,200.89,201.27,1011023,ABT
2013-04-05,198.16,200.11,197.12,199.23,893115,ABT
2013-04-08,200.37,206.55,200.04,206.41,607536,ABT
2013-04-09,206.45,210.18,205.5,208.71,410587,ABT
2013-04-10,209.71,210.2,208.11,208.32,538735,ABT
2013-04-11,210.34,211.57,207.89,210.64,716648,ABT
2013-04-12,209.61,209.61,202.28,202.75,924717,ABT
2013-04-15,201.07,201.18,192.84,192.84,803561,ABT
2013-04-16,195.16,197.59,192.77,196.3,812544,ABT
2013-04-17,193.91,193.91,189.09,190.16,847679,ABT
2013-04-18,190.86,193.39,187.93,192.16,647286,ABT
2013-04-19,192.73,193.18,189.2,191.45,485422,ABT
2013-04-22,192.11,194.68,189.88,193.95,447336,ABT
2013-04-23,195.09,198.12,194.38,197.71,843247,ABT
2013-04-24,198.48,202.7,197.98,201.11,711397,ABT
2013-04-25,202.39,207.82,200.36,202.8,835703,ABT
2013-04-26,202.8,203.29,197.57,199.45,684585,ABT
2013-04-29,200.98,203.07,199.64,201.86,493689,ABT
2013-04-30,201.45,203.21,200.02,202.3,529623,ABT
2013-05-01,201.09,201.09,196.64,198.05,672115,ABT
2013-05-02,55.52,55.86,55.1,55.41,2965164,ABT
2013-05-03,55.96,56.64,55.87,56.54,3185118,ABT
2013-05-06,56.61,57.1,56.3,57.04,1853410,ABT
2013-05-07,57.43,58.72,57.43,58.4,2694670,ABT
2013-05-08,58.4,58.74,58.0,58.72,2929106,ABT
2013-05-09,58.59,58.9,57.78,58.0,3872666,ABT
2013-05-10,57.68,57.85,57.06,57.39,2394058,ABT
2013-05-13,57.19,57.84,57.07,57.82,1951344,ABT
2013-05-14,57.75,58.84,57.75,58.8,2163232,ABT
2013-05-15,59.26,59.42,58.18,59.0,3296252,ABT
2013-05-16,58.86,59.17,58.25,58.91,2622878,ABT
2013-05-17,59.17,60.68,59.16,60.65,3124470,ABT
2013-05-20,60.68,61.53,60.62,61.25,2147362,ABT
2013-05-21,61.24,61.52,60.56,60.57,1745430,ABT
2013-05-22,60.97,61.6,58.93,59.54,3989888,ABT
2013-05-23,58.66,59.4,58.04,59.38,2398140,ABT
2013-05-24,59.01,59.08,57.81,58.69,2480022,ABT
2013-05-28,59.25,60.14,58.76,59.13,2161088,ABT
2013-05-29,58.96,59.35,58.27,59.12,915308,ABT
2013-05-30,59.43,59.64,58.46,59.1,1228779,ABT
2013-05-31,58.8,59.04,57.64,57.65,1490201,ABT
2013-06-03,57.79,58.83,57.47,57.77,1897610,ABT
2013-06-04,57.62,58.24,57.16,57.75,1992396,ABT
2013-06-05,57.42,57.61,56.7,56.75,2075223,ABT
2013-06-06,56.76,57.37,56.26,57.37,1332956,ABT
2013-06-07,57.8,58.66,57.36,58.61,1257678,ABT
2013-06-10,58.65,58.7,57.9,58.46,1057091,ABT
2013-06-11,57.71,58.3,57.17,57.76,1527879,ABT
2013-06-12,58.33,58.34,57.0,57.2,2094604,ABT
2013-06-13,57.17,58.42,56.92,58.34,1258674,ABT
2013-06-14,58.19,58.52,57.46,57.91,1144308,ABT
2013-06-17,58.4,59.78,58.4,59.7,1933070,ABT
2013-06-18,59.67,60.87,59.56,60.69,1781622,ABT
2013-06-19,60.58,61.61,60.52,60.53,1725606,ABT
2013-06-20,59.58,59.89,58.48,58.79,2310409,ABT
2013-06-21,59.17,59.74,58.38,59.44,2651979,ABT
2013-06-24,58.61,60.21,57.62,59.61,2711884,ABT
2013-06-25,60.27,60.44,59.25,59.77,2121828,ABT
2013-06-26,60.29,60.34,59.0,60.19,2021686,ABT
2013-06-27,60.9,61.77,60.71,60.88,2378642,ABT
2013-06-28,60.55,61.13,60.03,60.04,3247437,ABT
2013-07-01,60.31,60.83,59.85,59.88,2464860,ABT
2013-07-02,59.99,61.36,59.92,61.04,1692259,ABT
2013-07-03,61.04,61.69,60.79,61.63,1076957,ABT
2013-07-05,62.09,62.76,61.47,62.71,1189304,ABT
2013-07-08,62.73,62.74,62.04,62.29,2312883,ABT
2013-07-09,62.84,64.06,62.75,63.86,1716896,ABT
2013-07-10,64.14,64.5,63.57,63.75,1879502,ABT
2013-07-11,64.37,64.62,63.57,64.53,1351344,ABT
2013-07-12,64.34,64.44,63.78,64.3,1325742,ABT
2013-07-15,64.3,64.79,63.51,63.55,1567275,ABT
2013-07-16,63.74,64.0,62.76,63.07,1298926,ABT
2013-07-17,63.2,64.2,63.2,63.86,1131871,ABT
2013-07-18,64.21,65.82,64.15,65.66,1663465,ABT
2013-07-19,65.77,66.09,65.08,66.07,1476538,ABT
2013-07-22,66.01,66.3,65.65,65.97,1674368,ABT
2013-07-23,66.07,66.11,65.17,65.18,1317955,ABT
2013-07-24,65.44,65.56,64.13,64.54,1358969,ABT
2013-07-25,63.01,64.62,62.56,64.38,2110041,ABT
2013-07-26,63.93,64.26,63.2,63.43,2113107,ABT
2013-07-29,62.69,63.15,62.0,62.07,2222579,ABT
2013-07-30,62.47,62.65,61.78,62.52,1656719,ABT
2013-07-31,62.85,63.22,62.34,62.49,2011624,ABT
2013-08-01,63.16,64.52,63.15,64.32,2200313,ABT
2013-08-02,64.34,64.96,64.12,64.96,1624795,ABT
2013-08-05,64.78,65.16,64.5,64.92,1390842,ABT
2013-08-06,64.92,64.96,63.61,64.14,1433763,ABT
2013-08-07,63.85,64.04,63.23,63.76,1832859,ABT
2013-08-08,63.93,64.47,63.14,63.98,1567610,ABT
2013-08-09,64.05,64.14,63.53,63.83,838381,ABT
2013-08-12,63.5,64.0,63.2,63.42,863737,ABT
2013-08-13,63.45,63.91,62.92,63.75,984265,ABT
2013-08-14,63.69,63.87,62.97,62.98,1056767,ABT
2013-08-15,62.67,63.32,62.15,63.0,888403,ABT
2013-08-16,62.51,63.01,62.24,62.65,1528027,ABT
2013-08-19,62.68,63.1,61.78,61.81,1191123,ABT
2013-08-20,61.94,62.77,61.79,62.24,966052,ABT
2013-08-21,62.25,62.52,61.7,61.79,1015615,ABT
2013-08-22,61.92,62.75,61.71,62.49,622737,ABT
2013-08-23,62.57,63.07,61.97,62.96,860701,ABT
2013-08-26,63.12,63.7,62.73,62.84,713521,ABT
2013-08-27,62.04,62.94,61.26,61.37,1890621,ABT
2013-08-28,61.37,62.08,61.37,61.75,2073862,ABT
2013-08-29,61.7,61.96,61.23,61.35,1349586,ABT
2013-08-30,61.51,61.84,61.0,61.43,1581358,ABT
2013-09-03,62.1,62.39,61.65,62.18,1398923,ABT
2013-09-04,62.1,62.79,61.81,62.62,1055193,ABT
2013-09-05,62.75,63.23,62.52,62.9,1049251,ABT
2013-09-06,63.1,63.82,62.63,62.91,1497416,ABT
2013-09-09,63.18,64.15,63.04,64.13,1675213,ABT
2013-09-10,64.4,65.09,63.86,65.06,2180422,ABT
2013-09-11,65.5,66.19,65.18,66.17,1918547,ABT
2013-09-12,66.14,67.26,66.1,66.75,2135784,ABT
2013-09-13,66.75,67.07,66.39,66.52,1611873,ABT
2013-09-16,67.07,67.12,65.66,65.9,1578820,ABT
2013-09-17,65.78,66.29,65.51,66.1,1244876,ABT
2013-09-18,66.1,67.96,65.82,67.77,1363235,ABT
2013-09-19,67.87,68.43,67.33,67.44,1254794,ABT
2013-09-20,67.49,67.74,66.93,67.29,1728624,ABT
2013-09-23,67.18,67.35,66.52,67.01,780508,ABT
2013-09-24,66.87,67.85,66.66,67.14,1107957,ABT
2013-09-25,67.28,67.69,66.8,67.02,1220086,ABT
2013-09-26,67.23,67.35,66.43,67.32,1348618,ABT
2013-09-27,67.12,67.3,66.54,67.01,913336,ABT
2013-09-30,66.31,67.29,66.1,67.01,1214031,ABT
2013-10-01,67.06,68.0,66.95,67.99,2085803,ABT
2013-10-02,67.63,67.99,66.79,67.83,1392277,ABT
2013-10-03,67.29,67.4,65.63,66.37,2061564,ABT
2013-10-04,66.56,67.77,66.09,67.23,1338087,ABT
2013-10-07,66.39,67.46,66.25,66.37,1277431,ABT
2013-10-08,66.41,66.9,65.22,65.25,935273,ABT
2013-10-09,65.31,65.63,64.36,64.8,1135623,ABT
2013-10-10,65.52,66.45,65.14,66.45,1455873,ABT
2013-10-11,66.17,67.41,65.88,67.0,1054758,ABT
2013-10-14,66.52,67.43,66.26,67.4,1291371,ABT
2013-10-15,67.96,69.07,67.56,68.31,2800461,ABT
2013-10-16,68.85,70.3,68.69,70.21,1929735,ABT
2013-10-17,69.97,70.78,69.86,70.73,1640149,ABT
2013-10-18,71.24,72.62,70.83,72.56,2246949,ABT
2013-10-21,72.3,73.09,71.92,72.36,1927792,ABT
2013-10-22,72.77,73.88,72.5,73.28,3068283,ABT
2013-10-23,72.89,73.14,70.57,71.38,2729173,ABT
2013-10-24,71.5,76.59,71.04,74.52,3838668,ABT
2013-10-25,75.66,76.6,74.88,76.51,3424068,ABT
2013-10-28,76.39,77.04,75.94,76.54,2346237,ABT
2013-10-29,76.57,77.33,76.5,77.13,1665286,ABT
2013-10-30,77.13,78.01,75.28,76.09,1695283,ABT
2013-10-31,76.0,76.18,74.64,74.93,2016530,ABT
2013-11-01,75.11,75.47,73.5,75.19,1788813,ABT
2013-11-04,75.65,76.92,75.53,76.13,1850658,ABT
2013-11-05,75.71,76.03,74.72,75.01,1592169,ABT
2013-11-06,75.16,75.97,74.01,74.59,1717304,ABT
2013-11-07,74.96,75.1,72.16,72.65,3689870,ABT
2013-11-08,72.7,75.69,72.7,75.6,2482214,ABT
2013-11-11,75.55,75.97,74.88,75.21,933480,ABT
2013-11-12,75.24,75.25,73.59,73.69,1621895,ABT
2013-11-13,73.37,74.53,73.0,74.0,1852744,ABT
2013-11-14,74.07,74.38,73.48,74.2,1628209,ABT
2013-11-15,74.26,74.97,73.94,74.93,1377052,ABT
2013-11-18,75.05,75.27,72.89,73.18,2509999,ABT
2013-11-19,73.11,73.75,72.38,73.0,2050589,ABT
2013-11-20,73.48,73.84,72.49,72.85,1450694,ABT
2013-11-21,73.25,74.64,73.2,73.98,1420943,ABT
2013-11-22,74.56,74.72,73.34,73.58,1792971,ABT
2013-11-25,73.66,73.66,71.91,72.94,1383491,ABT
2013-11-26,73.0,73.68,72.3,73.18,1787777,ABT
2013-11-27,72.75,72.96,68.58,69.87,5196303,ABT
2013-11-29,69.91,71.02,69.08,70.24,1523141,ABT
2013-12-02,70.1,70.58,69.07,69.8,2035211,ABT
2013-12-03,69.8,70.26,69.3,69.51,3197569,ABT
2013-12-04,70.25,70.74,69.31,69.64,3142151,ABT
2013-12-05,69.0,69.85,68.79,69.04,2373146,ABT
2013-12-06,69.74,69.89,69.19,69.5,2700636,ABT
2013-12-09,69.4,69.5,67.61,68.59,3781341,ABT
2013-12-10,68.39,69.76,68.31,69.48,2432047,ABT
2013-12-11,69.42,69.67,67.9,68.16,2337346,ABT
2013-12-12,68.23,69.24,67.59,68.68,2102896,ABT
2013-12-13,68.66,68.78,67.59,68.68,2266885,ABT
2013-12-16,69.01,69.66,68.7,69.4,2027089,ABT
2013-12-17,69.87,69.88,67.57,67.61,3604073,ABT
2013-12-18,67.84,67.98,65.79,67.45,4136985,ABT
2013-12-19,66.57,68.16,66.57,67.87,2349710,ABT
2013-12-20,68.01,68.75,67.88,67.94,3057583,ABT
2013-12-23,68.5,68.83,67.51,67.62,2266261,ABT
2013-12-24,67.62,68.05,67.28,67.92,695805,ABT
2013-12-26,68.04,68.34,67.73,68.05,674397,ABT
2013-12-27,68.0,68.47,67.7,68.21,1107204,ABT
2013-12-30,68.32,68.73,67.06,67.17,1452048,ABT
2013-12-31,67.47,68.23,66.76,68.11,1624270,ABT
2014-01-02,67.86,67.95,66.11,66.59,2281302,ABT
2014-01-03,66.76,67.3,65.87,66.14,1755197,ABT
2014-01-06,66.18,66.2,65.18,65.75,1555386,ABT
2014-01-07,66.0,66.63,65.4,65.85,2468992,ABT
2014-01-08,66.04,66.56,65.28,65.71,1957168,ABT
2014-01-09,66.39,66.86,64.43,65.35,2735723,ABT
2014-01-10,65.29,65.64,64.5,64.74,2699214,ABT
2014-01-13,64.4,64.99,63.0,63.17,2340690,ABT
2014-01-14,63.39,64.79,63.32,64.36,2240510,ABT
2014-01-15,64.26,64.8,64.18,64.45,1556370,ABT
2014-01-16,64.25,64.99,64.05,64.66,1506425,ABT
2014-01-17,64.66,64.98,63.86,63.9,1874324,ABT
2014-01-21,64.18,64.5,63.12,64.07,2342357,ABT
2014-01-22,64.74,65.89,64.43,65.68,2383907,ABT
2014-01-23,65.2,65.44,64.8,65.11,3224019,ABT
2014-01-24,64.67,64.7,62.8,62.97,3270510,ABT
2014-01-27,62.88,63.06,61.75,62.14,2238462,ABT
2014-01-28,62.85,63.66,62.38,63.31,2001887,ABT
2014-01-29,62.62,63.92,62.19,63.25,2593309,ABT
2014-01-30,63.54,63.7,62.86,62.98,1645435,ABT
2014-01-31,61.97,63.01,61.79,62.33,2496063,ABT
2014-02-03,62.42,63.34,61.7,61.79,2684279,ABT
2014-02-04,62.17,63.05,61.85,62.34,2753908,ABT
2014-02-05,62.38,62.5,61.1,61.19,2700700,ABT
2014-02-06,60.75,62.81,60.14,62.61,7679575,ABT
2014-02-07,63.42,66.44,63.42,66.2,6021481,ABT
2014-02-10,66.08,66.76,65.02,66.65,4255946,ABT
2014-02-11,66.75,66.78,66.12,66.33,3814658,ABT
2014-02-12,66.68,66.9,66.07,66.54,2005728,ABT
2014-02-13,65.77,66.97,65.6,66.45,2303085,ABT
2014-02-14,66.41,66.75,65.76,66.36,2082905,ABT
2014-02-18,66.34,66.91,66.15,66.55,2646452,ABT
2014-02-19,66.08,67.42,66.08,66.6,3994291,ABT
2014-02-20,66.2,67.42,66.09,67.12,2835606,ABT
2014-02-21,67.53,67.57,66.79,66.86,2117860,ABT
2014-02-24,67.18,70.5,67.18,69.33,3751455,ABT
2014-02-25,69.15,69.38,68.25,68.78,2326837,ABT
2014-02-26,68.72,69.58,68.22,68.49,2398595,ABT
2014-02-27,68.31,68.58,67.61,67.94,2285705,ABT
2014-02-28,68.07,69.1,67.93,68.76,2200522,ABT
2014-03-03,68.48,69.7,67.86,67.97,1878727,ABT
2014-03-04,68.82,69.22,68.14,69.02,1598210,ABT
2014-03-05,69.16,69.19,67.88,68.14,1560649,ABT
2014-03-06,68.02,68.99,67.75,68.78,1426054,ABT
2014-03-07,69.04,69.25,68.5,69.23,1321765,ABT
2014-03-10,69.2,69.2,68.63,69.07,1439140,ABT
2014-03-11,68.97,69.87,68.18,68.35,2543290,ABT
2014-03-12,67.84,68.26,67.0,68.2,1292848,ABT
2014-03-13,68.38,68.38,66.68,66.94,1502824,ABT
2014-03-14,66.75,67.09,66.25,66.64,2384478,ABT
2014-03-17,66.8,67.19,66.38,66.65,1116926,ABT
2014-03-18,66.74,67.6,66.46,67.4,1294565,ABT
2014-03-19,67.34,67.38,65.7,65.96,2064336,ABT
2014-03-20,65.78,66.91,65.37,66.83,1227395,ABT
2014-03-21,67.34,67.71,66.55,67.12,2075443,ABT
2014-03-24,67.38,67.69,66.25,66.78,1068906,ABT
2014-03-25,67.25,67.89,67.02,67.62,1335657,ABT
2014-03-26,67.96,68.68,67.45,67.68,1357676,ABT
2014-03-27,67.8,69.49,67.36,69.03,2151279,ABT
2014-03-28,69.37,71.32,69.2,71.14,2953815,ABT
2014-03-31,71.31,71.98,70.35,71.04,2132499,ABT
2014-04-01,71.07,71.16,70.23,70.57,2189218,ABT
2014-04-02,69.85,70.61,69.62,70.38,1674869,ABT
2014-04-03,70.77,71.72,70.57,71.29,2002637,ABT
2014-04-04,71.91,72.65,70.21,70.35,2530492,ABT
2014-04-07,70.17,70.4,69.22,69.37,1217416,ABT
2014-04-08,69.29,70.77,69.28,70.55,1585415,ABT
2014-04-09,70.74,70.93,70.14,70.78,1286242,ABT
2014-04-10,70.84,70.98,69.28,69.53,1341371,ABT
2014-04-11,69.23,70.35,69.23,69.45,1369482,ABT
2014-04-14,70.26,70.98,69.52,70.58,985735,ABT
2014-04-15,70.46,71.88,70.02,71.85,1655329,ABT
2014-04-16,72.63,72.94,72.22,72.9,1716251,ABT
2014-04-17,72.69,74.65,72.63,74.42,2210499,ABT
2014-04-21,74.35,74.78,73.94,74.66,1371115,ABT
2014-04-22,74.38,74.62,73.85,74.3,1631295,ABT
2014-04-23,73.33,75.2,73.33,75.07,2554010,ABT
2014-04-24,73.32,76.29,72.6,74.95,2906292,ABT
2014-04-25,74.46,74.57,72.23,72.79,2530433,ABT
2014-04-28,73.14,73.26,71.51,72.17,2375026,ABT
2014-04-29,72.99,73.76,72.3,73.06,2395782,ABT
2014-04-30,73.19,73.25,71.5,71.78,1805878,ABT
2014-05-01,71.54,71.94,70.88,71.23,1716274,ABT
2014-05-02,71.13,72.15,70.87,71.29,1523408,ABT
2014-05-05,70.85,71.5,70.54,71.09,3302448,ABT
2014-05-06,71.14,71.93,70.82,71.19,2410356,ABT
2014-05-07,71.83,72.22,70.69,71.72,1800287,ABT
2014-05-08,71.42,71.79,70.66,70.74,1229239,ABT
2014-05-09,70.64,70.74,69.92,70.72,1306606,ABT
2014-05-12,71.16,71.19,70.46,70.69,2405384,ABT
2014-05-13,70.61,71.46,70.61,71.04,2173540,ABT
2014-05-14,71.28,71.75,70.47,70.7,1289412,ABT
2014-05-15,70.58,70.65,68.83,69.62,1607982,ABT
2014-05-16,69.71,70.25,69.22,69.73,1551659,ABT
2014-05-19,69.44,70.09,69.2,69.56,1602602,ABT
2014-05-20,69.56,69.85,69.13,69.34,942199,ABT
2014-05-21,69.0,70.57,69.0,70.33,1773015,ABT
2014-05-22,70.58,71.18,70.17,70.19,1506115,ABT
2014-05-23,70.33,70.55,69.95,70.0,906485,ABT
2014-05-27,70.14,70.28,69.61,69.84,1456840,ABT
2014-05-28,69.97,71.04,69.78,70.77,1990808,ABT
2014-05-29,71.0,71.96,70.87,71.89,1660323,ABT
2014-05-30,71.85,72.46,71.72,72.07,2142098,ABT
2014-06-02,72.36,72.5,71.57,71.67,1308648,ABT
2014-06-03,71.35,72.05,71.26,72.01,1093338,ABT
2014-06-04,72.0,72.49,71.56,72.16,1069776,ABT
2014-06-05,72.08,72.4,71.52,72.36,1511863,ABT
2014-06-06,72.36,74.1,72.35,74.0,1968968,ABT
2014-06-09,74.14,74.96,73.92,74.23,1427257,ABT
2014-06-10,74.01,74.81,73.94,74.78,1848244,ABT
2014-06-11,74.3,75.94,74.15,75.38,2095912,ABT
2014-06-12,76.01,77.4,75.47,75.81,1963734,ABT
2014-06-13,76.01,76.22,75.15,76.19,1195105,ABT
2014-06-16,76.29,76.5,75.7,76.25,1214858,ABT
2014-06-17,76.13,76.51,75.46,76.02,1625582,ABT
2014-06-18,76.0,76.71,75.53,76.61,1412850,ABT
2014-06-19,76.77,77.44,76.63,77.42,1428395,ABT
2014-06-20,77.71,78.68,77.51,78.64,2652972,ABT
2014-06-23,78.96,79.63,78.62,79.23,2199003,ABT
2014-06-24,78.9,79.01,77.43,77.5,2565585,ABT
2014-06-25,77.22,78.75,77.21,78.57,2067510,ABT
2014-06-26,78.57,78.63,77.72,78.13,1601111,ABT
2014-06-27,77.76,78.28,76.71,77.42,4454552,ABT
2014-06-30,77.65,78.24,76.87,77.46,2370563,ABT
2014-07-01,77.83,77.93,75.89,76.34,2439659,ABT
2014-07-02,76.28,76.64,75.57,75.78,1817587,ABT
2014-07-03,75.69,76.06,75.08,75.79,904803,ABT
2014-07-07,75.61,75.73,74.38,74.72,1950846,ABT
2014-07-08,74.82,75.61,74.75,75.34,1415704,ABT
2014-07-09,75.27,75.85,74.98,75.79,1479635,ABT
2014-07-10,74.85,75.5,74.29,74.91,1469100,ABT
2014-07-11,74.87,74.91,73.6,73.69,1541996,ABT
2014-07-14,74.12,74.98,74.12,74.83,1455240,ABT
2014-07-15,74.59,74.93,73.76,74.16,1784575,ABT
2014-07-16,74.4,76.19,74.35,76.13,2078214,ABT
2014-07-17,76.14,76.43,73.66,73.71,2190073,ABT
2014-07-18,73.55,73.76,72.95,73.01,2838368,ABT
2014-07-21,72.84,73.09,72.44,72.92,1507104,ABT
2014-07-22,73.22,73.67,72.71,73.47,1544571,ABT
2014-07-23,73.57,74.38,73.21,74.21,2614508,ABT
2014-07-24,70.23,72.82,69.83,71.63,7557456,ABT
2014-07-25,71.5,71.6,69.19,69.57,6736940,ABT
2014-07-28,69.78,70.22,68.98,69.13,4872429,ABT
2014-07-29,69.13,69.14,68.36,68.44,3713125,ABT
2014-07-30,68.87,69.22,66.66,67.04,4436341,ABT
2014-07-31,66.27,67.15,65.67,66.49,5085192,ABT
2014-08-01,66.05,67.36,65.88,66.75,5843691,ABT
2014-08-04,66.75,72.85,66.32,70.23,8083150,ABT
2014-08-05,69.81,69.9,67.95,68.41,3673904,ABT
2014-08-06,67.96,69.61,67.86,68.98,3237132,ABT
2014-08-07,69.08,69.33,68.11,68.78,3374439,ABT
2014-08-08,69.0,70.53,68.81,70.46,2199882,ABT
2014-08-11,70.74,70.99,69.6,69.77,1983861,ABT
2014-08-12,69.4,69.8,68.9,69.09,1928890,ABT
2014-08-13,69.52,69.96,68.99,69.56,1363233,ABT
2014-08-14,69.57,70.25,69.11,69.5,3568576,ABT
2014-08-15,69.74,70.17,69.49,70.01,1840025,ABT
2014-08-18,70.11,70.58,69.56,69.82,1721000,ABT
2014-08-19,69.91,70.81,69.83,70.25,1107141,ABT
2014-08-20,70.09,70.3,69.43,69.91,1708575,ABT
2014-08-21,70.1,70.28,69.61,70.14,1406260,ABT
2014-08-22,69.67,70.03,69.06,69.55,1741852,ABT
2014-08-25,69.94,71.06,69.78,71.03,1266909,ABT
2014-08-26,71.31,72.07,71.09,71.4,1865864,ABT
2014-08-27,71.31,71.63,70.64,70.92,900168,ABT
2014-08-28,70.88,71.03,70.36,70.92,1136184,ABT
2014-08-29,71.11,72.16,70.82,72.14,1755535,ABT
2014-09-02,71.93,72.06,70.46,70.55,1626322,ABT
2014-09-03,70.9,71.62,70.9,71.21,1297632,ABT
2014-09-04,71.14,71.44,70.1,71.0,2260299,ABT
2014-09-05,70.73,71.68,70.44,71.66,2038030,ABT
2014-09-08,71.02,71.22,70.22,70.61,1785519,ABT
2014-09-09,70.6,71.82,70.32,70.59,1861785,ABT
2014-09-10,70.27,70.29,69.04,69.94,2223486,ABT
2014-09-11,69.31,70.16,68.95,70.0,1325797,ABT
2014-09-12,69.79,70.06,68.74,68.8,1531209,ABT
2014-09-15,68.97,69.83,68.51,69.48,1959827,ABT
2014-09-16,69.7,71.43,69.31,71.11,2233465,ABT
2014-09-17,71.5,71.63,70.58,71.17,1955639,ABT
2014-09-18,71.22,71.46,70.81,71.22,2740763,ABT
2014-09-19,71.55,72.06,71.16,71.29,2726003,ABT
2014-09-22,70.95,70.95,69.9,70.36,2201925,ABT
2014-09-23,70.27,71.19,70.01,70.3,2338085,ABT
2014-09-24,69.79,70.92,69.13,70.42,1799147,ABT
2014-09-25,70.43,70.43,68.99,69.2,2459664,ABT
2014-09-26,69.03,70.21,68.56,69.88,1617098,ABT
2014-09-29,69.15,70.02,69.08,69.89,1666216,ABT
2014-09-30,69.64,69.78,67.9,68.36,2335855,ABT
2014-10-01,68.34,68.73,66.53,66.79,2593430,ABT
2014-10-02,66.16,66.35,64.51,66.14,3417141,ABT
2014-10-03,66.03,66.54,65.16,65.17,2700962,ABT
2014-10-06,65.46,65.7,64.53,64.92,2110655,ABT
2014-10-07,64.37,64.47,62.58,62.58,3101187,ABT
2014-10-08,62.23,63.08,61.03,63.01,2880382,ABT
2014-10-09,62.5,62.5,60.23,60.3,2976730,ABT
2014-10-10,60.41,60.58,58.71,58.72,3386857,ABT
2014-10-13,58.54,59.28,55.51,55.57,3472791,ABT
2014-10-14,55.92,56.5,54.46,54.79,4134741,ABT
2014-10-15,53.67,54.96,52.65,54.85,5319050,ABT
2014-10-16,53.5,57.75,53.3,56.67,4292610,ABT
2014-10-17,57.79,58.53,56.16,56.59,3137291,ABT
2014-10-20,56.55,57.77,56.46,57.51,2046051,ABT
2014-10-21,58.04,59.5,58.0,58.89,3150430,ABT
2014-10-22,59.26,59.4,57.11,57.13,3114133,ABT
2014-10-23,58.17,58.91,57.73,58.48,2486410,ABT
2014-10-24,58.39,58.5,57.08,57.43,2663864,ABT
2014-10-27,56.25,56.55,55.36,56.38,3327923,ABT
2014-10-28,56.56,58.48,55.18,58.36,3305123,ABT
2014-10-29,58.85,60.3,57.56,58.13,3353928,ABT
2014-10-30,57.57,58.5,55.1,57.16,2718811,ABT
2014-10-31,56.64,57.69,55.73,57.63,4056289,ABT
2014-11-03,58.08,58.2,55.75,55.87,3798986,ABT
2014-11-04,55.06,55.22,53.64,54.2,3221997,ABT
2014-11-05,54.92,55.95,54.16,55.55,2599562,ABT
2014-11-06,54.91,55.29,54.23,54.8,4548830,ABT
2014-11-07,55.16,57.07,55.05,56.51,4604751,ABT
2014-11-10,57.3,57.7,55.93,56.23,3167579,ABT
2014-11-11,56.39,56.52,55.28,56.14,3366297,ABT
2014-11-12,55.53,56.26,55.14,55.22,2703116,ABT
2014-11-13,55.1,55.71,53.27,53.99,3158676,ABT
2014-11-14,54.35,56.28,54.25,56.11,2577621,ABT
2014-11-17,55.36,55.53,54.28,54.71,3402151,ABT
2014-11-18,54.75,55.42,54.26,55.01,1934772,ABT
2014-11-19,55.36,55.42,54.02,54.77,2789800,ABT
2014-11-20,54.77,56.82,54.67,56.54,3358662,ABT
2014-11-21,57.66,58.02,56.83,57.71,3252540,ABT
2014-11-24,57.34,57.85,56.48,56.69,3901832,ABT
2014-11-25,56.84,57.01,55.11,55.42,2255409,ABT
2014-11-26,55.04,55.06,53.77,53.83,2091612,ABT
2014-11-28,51.01,51.17,48.94,49.18,3881459,ABT
2014-12-01,49.11,49.79,47.75,49.7,5976387,ABT
2014-12-02,49.35,50.83,49.14,50.55,4978894,ABT
2014-12-03,50.86,52.36,50.53,52.14,4357523,ABT
2014-12-04,51.38,52.21,51.09,51.58,4211298,ABT
2014-12-05,51.16,51.4,50.05,50.59,2932320,ABT
2014-12-08,49.8,49.8,47.52,47.61,4898059,ABT
2014-12-09,47.05,48.53,46.92,47.89,5749638,ABT
2014-12-10,47.06,47.06,45.32,45.78,4925920,ABT
2014-12-11,45.44,46.82,45.14,45.39,3032228,ABT
2014-12-12,44.71,45.45,43.65,43.86,4236509,ABT
2014-12-15,44.49,44.88,42.92,43.0,3840660,ABT
2014-12-16,42.65,44.94,42.11,43.56,5206103,ABT
2014-12-17,43.77,48.2,43.77,47.94,6719865,ABT
2014-12-18,49.4,49.98,47.68,49.42,5930689,ABT
2014-12-19,49.9,51.24,49.41,51.19,5030760,ABT
2014-12-22,50.41,51.08,49.68,50.95,3752379,ABT
2014-12-23,50.87,50.97,48.43,48.98,6276656,ABT
2014-12-24,48.56,48.67,47.54,48.5,2284842,ABT
2014-12-26,48.62,49.05,46.92,47.22,2918946,ABT
2014-12-29,47.6,48.63,47.5,47.83,3149133,ABT
2014-12-30,47.52,48.02,47.0,47.33,2460002,ABT
2014-12-31,46.9,48.0,46.29,47.43,2447812,ABT
2015-01-02,47.07,47.6,45.96,46.88,2962394,ABT
2015-01-05,46.04,46.21,42.19,42.39,7058559,ABT
2015-01-06,42.28,42.88,41.31,41.9,3831904,ABT
2015-01-07,42.5,42.94,41.49,41.74,3108522,ABT
2015-01-08,42.14,43.42,41.56,43.18,3824767,ABT
2015-01-09,43.21,43.88,42.59,43.57,2997982,ABT
2015-01-12,42.49,42.82,41.01,41.52,3513397,ABT
2015-01-13,41.78,42.82,41.32,42.54,5025671,ABT
2015-01-14,42.04,42.96,41.39,42.85,3661791,ABT
2015-01-15,43.78,44.22,42.95,42.98,4062217,ABT
2015-01-16,43.34,45.53,43.24,45.49,3466671,ABT
2015-01-20,44.88,46.05,44.16,45.91,4098455,ABT
2015-01-21,46.36,47.44,46.3,46.93,3183949,ABT
2015-01-22,47.15,47.36,45.8,46.74,2552628,ABT
2015-01-23,46.29,46.99,46.04,46.27,2820480,ABT
2015-01-26,46.42,47.57,45.68,47.52,3087762,ABT
2015-01-27,47.26,48.11,46.62,47.58,3009298,ABT
2015-01-28,47.06,47.3,45.5,46.06,4142967,ABT
2015-01-29,46.54,47.58,45.09,47.51,3649706,ABT
2015-01-30,46.92,48.14,46.26,47.74,3959474,ABT
2015-02-02,48.75,49.76,48.34,49.73,3691764,ABT
2015-02-03,50.71,52.42,49.66,50.21,5787422,ABT
2015-02-04,49.19,49.25,47.63,47.89,4475803,ABT
2015-02-05,48.45,49.1,47.99,48.49,2973433,ABT
2015-02-06,49.12,49.2,46.83,47.72,3898990,ABT
2015-02-09,48.09,48.58,46.86,46.98,3236335,ABT
2015-02-10,47.01,48.0,45.77,47.88,3327190,ABT
2015-02-11,46.82,48.43,46.61,47.94,3110193,ABT
2015-02-12,48.95,49.47,48.33,48.85,2392737,ABT
2015-02-13,49.68,50.88,49.53,50.79,3158588,ABT
2015-02-17,50.42,51.3,50.05,50.81,3032771,ABT
2015-02-18,50.16,51.77,49.9,50.69,4653791,ABT
2015-02-19,48.37,49.77,47.34,49.7,5125481,ABT
2015-02-20,49.61,50.14,48.58,49.08,2955139,ABT
2015-02-23,48.46,49.27,48.12,48.5,2338902,ABT
2015-02-24,49.14,49.71,48.5,49.67,2632894,ABT
2015-02-25,49.35,50.04,49.17,49.81,2207236,ABT
2015-02-26,47.47,48.17,47.03,47.32,19819890,ABT
2015-02-27,47.85,48.15,46.75,47.23,6800558,ABT
2015-03-02,47.07,47.22,46.18,46.41,6016025,ABT
2015-03-03,46.78,47.58,46.43,46.98,4292301,ABT
2015-03-04,47.06,47.45,46.11,47.21,4021817,ABT
2015-03-05,46.97,47.5,46.01,46.07,5837891,ABT
2015-03-06,45.45,46.58,45.19,45.39,5692576,ABT
2015-03-09,45.39,45.9,45.0,45.02,3258694,ABT
2015-03-10,44.33,45.33,44.27,44.27,2520793,ABT
2015-03-11,44.3,44.69,43.96,44.38,3101906,ABT
2015-03-12,44.73,44.8,44.13,44.25,2309936,ABT
2015-03-13,43.69,44.27,43.31,44.03,3543480,ABT
2015-03-16,43.66,45.65,43.62,45.61,4153553,ABT
2015-03-17,45.32,46.07,44.91,45.61,3563757,ABT
2015-03-18,45.25,48.7,45.17,48.12,5033686,ABT
2015-03-19,47.1,47.9,46.81,47.58,3170991,ABT
2015-03-20,48.0,48.82,47.64,47.84,5140253,ABT
2015-03-23,48.02,48.48,46.38,46.4,3238683,ABT
2015-03-24,46.56,46.64,45.58,45.89,3505584,ABT
2015-03-25,46.32,47.2,45.47,46.77,3905483,ABT
2015-03-26,47.78,48.15,46.92,47.94,3267158,ABT
2015-03-27,47.47,48.62,47.2,48.0,3383400,ABT
2015-03-30,48.51,49.16,47.72,49.05,3237444,ABT
2015-03-31,48.26,49.72,48.23,48.9,4132257,ABT
2015-04-01,49.27,49.86,48.77,48.87,3238529,ABT
2015-04-02,48.51,49.99,48.24,49.92,3100204,ABT
2015-04-06,50.52,50.93,49.88,50.65,2592108,ABT
2015-04-07,50.66,51.42,50.14,50.3,2802217,ABT
2015-04-08,50.65,51.05,49.86,49.93,2454824,ABT
2015-04-09,50.21,50.98,49.88,50.92,3063033,ABT
2015-04-10,51.06,51.29,50.7,50.92,1560408,ABT
2015-04-13,51.37,51.61,50.34,50.57,1896752,ABT
2015-04-14,51.01,51.74,50.83,51.73,2734294,ABT
2015-04-15,52.16,53.68,51.79,53.47,3495422,ABT
2015-04-16,53.06,53.43,52.53,52.59,3608365,ABT
2015-04-17,52.23,52.91,51.83,52.1,3880314,ABT
2015-04-20,52.3,53.23,52.17,52.76,2301027,ABT
2015-04-21,52.33,52.63,51.02,51.13,2703779,ABT
2015-04-22,51.67,51.89,50.92,51.18,2424362,ABT
2015-04-23,51.29,52.3,51.29,51.51,2314818,ABT
2015-04-24,51.25,51.38,50.01,50.49,2979652,ABT
2015-04-27,50.94,51.14,49.59,49.77,3872308,ABT
2015-04-28,49.68,50.15,49.14,50.09,4144764,ABT
2015-04-29,49.93,51.13,49.75,50.62,3198826,ABT
2015-04-30,50.89,51.36,50.05,50.72,3113867,ABT
2015-05-01,50.76,51.0,50.09,50.24,2429396,ABT
2015-05-04,50.36,51.2,50.11,50.99,3722241,ABT
2015-05-05,52.34,52.69,49.78,49.79,7426727,ABT
2015-05-06,50.4,51.14,48.65,49.18,3697587,ABT
2015-05-07,48.92,48.92,47.49,48.12,3640604,ABT
2015-05-08,48.61,49.38,47.75,49.12,4166803,ABT
2015-05-11,46.72,47.35,45.31,46.07,20886865,ABT
2015-05-12,45.87,46.32,45.63,46.0,6719328,ABT
2015-05-13,46.43,46.63,45.13,45.28,6508430,ABT
2015-05-14,45.44,45.52,44.22,44.5,6765072,ABT
2015-05-15,44.48,45.25,44.11,44.88,4237946,ABT
2015-05-18,44.93,45.27,44.6,45.11,3486772,ABT
2015-05-19,44.6,44.71,43.87,44.23,3482919,ABT
2015-05-20,44.24,44.37,43.46,44.01,3468098,ABT
2015-05-21,44.44,44.49,43.74,43.8,4967113,ABT
2015-05-22,43.43,44.2,43.16,43.8,3883262,ABT
2015-05-26,43.94,44.78,43.73,44.15,6190398,ABT
2015-05-27,44.09,44.34,42.98,43.32,4745310,ABT
2015-05-28,43.18,43.92,42.8,43.65,5195967,ABT
2015-05-29,43.78,44.26,43.26,43.78,4578430,ABT
2015-06-01,43.58,43.77,42.98,43.33,4065994,ABT
2015-06-02,43.67,44.45,43.09,44.03,2709912,ABT
2015-06-03,43.96,44.43,43.65,44.31,3965878,ABT
2015-06-04,43.82,44.0,43.4,43.7,5211168,ABT
2015-06-05,43.39,44.96,43.38,44.59,5337775,ABT
2015-06-08,44.34,44.76,44.11,44.69,5231535,ABT
2015-06-09,45.43,46.56,45.41,45.75,6903868,ABT
2015-06-10,46.61,46.9,46.21,46.63,4937134,ABT
2015-06-11,46.67,46.93,46.17,46.64,3634343,ABT
2015-06-12,46.41,46.76,46.08,46.37,3494070,ABT
2015-06-15,45.95,46.33,45.34,45.38,3411395,ABT
2015-06-16,45.28,45.68,45.0,45.5,3532062,ABT
2015-06-17,45.93,46.29,44.74,44.91,3652244,ABT
2015-06-18,45.15,45.39,44.39,44.46,3456219,ABT
2015-06-19,44.18,44.54,43.32,43.53,4021404,ABT
2015-06-22,43.74,44.6,43.2,44.32,2786612,ABT
2015-06-23,44.35,45.04,44.13,44.8,3566956,ABT
2015-06-24,44.54,44.91,44.11,44.73,3339658,ABT
2015-06-25,44.92,45.3,44.66,44.93,3962037,ABT
2015-06-26,44.82,44.98,44.45,44.81,8807277,ABT
2015-06-29,44.12,44.51,42.44,42.66,5670321,ABT
2015-06-30,43.21,43.27,42.13,42.68,5329420,ABT
2015-07-01,43.03,43.03,41.07,41.3,4585568,ABT
2015-07-02,41.14,41.74,40.93,41.02,3578945,ABT
2015-07-06,40.25,40.73,39.71,40.19,4776179,ABT
2015-07-07,40.33,40.98,38.78,40.77,5919856,ABT
2015-07-08,40.35,40.61,38.72,39.06,5533477,ABT
2015-07-09,39.87,40.12,39.31,39.31,4453301,ABT
2015-07-10,39.67,39.95,38.89,39.06,3640101,ABT
2015-07-13,39.23,39.23,38.59,38.9,4769628,ABT
2015-07-14,39.24,39.71,38.73,39.6,5447471,ABT
2015-07-15,39.31,39.92,38.58,38.75,4132088,ABT
2015-07-16,39.07,39.07,38.2,38.38,3425388,ABT
2015-07-17,38.38,38.88,37.54,38.34,5592599,ABT
2015-07-20,38.09,38.09,36.91,36.97,9410628,ABT
2015-07-21,37.03,37.54,36.82,36.85,7612126,ABT
2015-07-22,36.94,37.28,36.41,36.9,7017150,ABT
2015-07-23,36.94,37.19,36.2,36.7,3994304,ABT
2015-07-24,36.83,36.84,35.32,35.37,4751471,ABT
2015-07-27,34.75,35.46,34.25,34.73,4661768,ABT
2015-07-28,35.36,37.07,34.73,35.5,8547322,ABT
2015-07-29,35.34,36.45,35.24,36.16,6516346,ABT
2015-07-30,35.98,36.64,35.54,36.15,4844875,ABT
2015-07-31,35.9,36.29,34.99,35.23,5629138,ABT
2015-08-03,34.97,34.97,33.66,33.75,6915339,ABT
2015-08-04,34.06,34.75,33.71,34.01,5022014,ABT
2015-08-05,34.54,35.07,33.37,33.41,4921387,ABT
2015-08-06,33.06,33.99,32.39,33.91,6189267,ABT
2015-08-07,33.75,34.24,32.44,32.7,4168363,ABT
2015-08-10,32.8,34.32,32.61,34.24,4565661,ABT
2015-08-11,33.29,34.21,32.98,34.17,4045778,ABT
2015-08-12,33.95,35.6,33.88,35.31,5097544,ABT
2015-08-13,35.87,36.32,34.85,36.3,12258610,ABT
2015-08-14,36.21,37.1,35.82,36.0,6692360,ABT
2015-08-17,35.35,36.1,35.19,35.44,4279375,ABT
2015-08-18,35.57,35.65,34.84,35.1,5064583,ABT
2015-08-19,34.84,35.1,33.72,34.22,4984953,ABT
2015-08-20,34.11,34.48,33.12,33.12,4227252,ABT
2015-08-21,32.91,33.35,32.38,32.85,5681291,ABT
2015-08-24,29.2,32.37,29.17,31.17,9119275,ABT
2015-08-25,32.61,32.63,30.6,30.7,6631110,ABT
2015-08-26,31.49,31.77,30.84,31.75,5119685,ABT
2015-08-27,32.46,34.24,32.26,33.67,7232962,ABT
2015-08-28,33.42,35.27,33.32,34.53,5582599,ABT
2015-08-31,32.5,34.09,31.56,33.41,13389258,ABT
2015-09-01,32.37,32.52,30.68,31.11,10635991,ABT
2015-09-02,31.68,31.76,29.48,30.34,14299050,ABT
2015-09-03,30.76,31.69,29.9,30.21,13544557,ABT
2015-09-04,29.89,31.12,29.56,30.73,15182950,ABT
2015-09-08,31.32,31.56,30.36,31.42,9270798,ABT
2015-09-09,30.94,31.72,29.89,30.19,10633055,ABT
2015-09-10,30.18,31.08,29.96,30.75,6803594,ABT
2015-09-11,30.38,31.2,30.03,31.19,6990782,ABT
2015-09-14,31.08,31.15,30.45,30.9,7120959,ABT
2015-09-15,31.11,31.8,30.9,31.55,5138136,ABT
2015-09-16,31.84,33.3,31.83,33.25,7437734,ABT
2015-09-17,33.2,33.99,32.82,33.11,7874731,ABT
2015-09-18,32.44,32.74,31.95,32.33,7265632,ABT
2015-09-21,32.66,33.1,32.3,32.75,4921467,ABT
2015-09-22,32.17,33.39,32.0,32.31,4654402,ABT
2015-09-23,32.48,32.92,31.68,31.87,5376495,ABT
2015-09-24,31.57,32.54,31.31,32.18,4735365,ABT
2015-09-25,32.52,32.65,31.42,31.61,4569767,ABT
2015-09-28,31.32,31.33,29.56,29.58,5418390,ABT
2015-09-29,29.97,30.03,29.13,29.7,4042963,ABT
2015-09-30,30.0,30.54,29.6,30.18,4024951,ABT
2015-10-01,30.69,31.34,29.7,30.11,5500215,ABT
2015-10-02,29.85,31.63,29.56,31.62,4226715,ABT
2015-10-05,31.99,33.27,31.87,33.26,5318929,ABT
2015-10-06,33.37,34.6,33.17,34.51,6518576,ABT
2015-10-07,35.07,35.68,34.33,35.05,6755828,ABT
2015-10-08,35.02,37.41,34.8,37.27,9399745,ABT
2015-10-09,37.51,37.88,36.39,36.72,5856918,ABT
2015-10-12,36.7,36.76,34.98,35.48,4349189,ABT
2015-10-13,34.99,35.57,34.49,34.56,4679824,ABT
2015-10-14,34.54,35.05,34.3,34.78,4730690,ABT
2015-10-15,34.6,36.81,34.57,36.41,5630332,ABT
2015-10-16,36.49,37.2,35.96,37.1,5024777,ABT
2015-10-19,36.11,36.72,35.98,36.21,5088149,ABT
2015-10-20,36.18,36.92,36.02,36.53,3194323,ABT
2015-10-21,36.32,36.72,35.77,35.85,3688201,ABT
2015-10-22,36.21,36.74,35.85,36.48,4802107,ABT
2015-10-23,36.24,36.36,35.54,35.93,3904576,ABT
2015-10-26,35.79,35.86,34.44,34.59,3828310,ABT
2015-10-27,33.69,34.02,32.82,32.98,10383353,ABT
2015-10-28,33.11,35.14,32.91,34.84,5556854,ABT
2015-10-29,34.53,35.6,34.4,35.1,3923985,ABT
2015-10-30,35.27,36.44,34.51,35.84,5191324,ABT
2015-11-02,36.45,38.56,36.0,37.97,7657897,ABT
2015-11-03,38.52,39.85,38.39,38.7,6022609,ABT
2015-11-04,38.69,38.88,37.09,37.84,4478221,ABT
2015-11-05,37.42,38.65,37.08,37.65,3681196,ABT
2015-11-06,37.14,37.65,36.29,36.79,3682396,ABT
2015-11-09,36.85,37.52,36.33,37.22,3278891,ABT
2015-11-10,37.03,38.3,36.81,37.84,3158932,ABT
2015-11-11,37.8,37.86,36.52,36.88,4296635,ABT
2015-11-12,35.97,36.43,35.19,35.28,3868194,ABT
2015-11-13,35.15,35.31,34.25,35.2,4561788,ABT
2015-11-16,35.24,37.04,35.09,37.0,3667255,ABT
2015-11-17,36.72,37.0,35.95,36.46,3649095,ABT
2015-11-18,36.69,37.53,36.34,37.4,3993647,ABT
2015-11-19,36.96,37.16,35.98,36.6,2292147,ABT
2015-11-20,36.54,36.56,35.18,35.66,4033966,ABT
2015-11-23,35.59,36.39,35.17,36.3,4122592,ABT
2015-11-24,36.54,37.46,36.54,37.0,3711372,ABT
2015-11-25,36.6,37.37,35.86,36.94,1920467,ABT
2015-11-27,36.51,36.92,36.28,36.55,1365237,ABT
2015-11-30,36.84,37.43,36.43,36.67,2846835,ABT
2015-12-01,36.76,37.04,36.39,36.99,2609911,ABT
2015-12-02,36.64,37.02,35.18,35.42,5545172,ABT
2015-12-03,35.78,36.28,35.11,35.48,3860608,ABT
2015-12-04,34.95,35.08,33.82,33.87,5704205,ABT
2015-12-07,32.7,32.76,31.52,32.17,6987858,ABT
2015-12-08,31.33,32.57,31.13,32.3,3811187,ABT
2015-12-09,33.58,34.25,32.56,33.06,5233236,ABT
2015-12-10,32.99,34.36,32.65,34.0,4730392,ABT
2015-12-11,33.64,33.69,32.45,32.63,5740407,ABT
2015-12-14,32.4,32.57,31.05,31.75,6964432,ABT
2015-12-15,32.31,32.88,31.91,32.82,4069160,ABT
2015-12-16,32.45,33.17,31.84,32.42,4402024,ABT
2015-12-17,32.48,32.57,30.52,31.22,5759106,ABT
2015-12-18,31.17,31.9,30.96,30.96,5370927,ABT
2015-12-21,31.08,31.58,30.39,31.49,4055868,ABT
2015-12-22,31.65,32.59,31.47,32.37,4628971,ABT
2015-12-23,33.36,34.26,33.03,34.25,4231508,ABT
2015-12-24,34.25,34.37,33.54,34.09,1288801,ABT
2015-12-28,33.29,33.48,32.68,33.02,2890915,ABT
2015-12-29,33.89,33.97,33.14,33.4,2481509,ABT
2015-12-30,32.82,33.59,31.7,32.22,4394455,ABT
2015-12-31,31.91,33.26,31.61,32.93,3828831,ABT
2016-01-04,32.64,33.55,32.41,33.5,4291044,ABT
2016-01-05,33.44,33.87,32.97,33.65,4027198,ABT
2016-01-06,32.72,32.72,31.53,31.69,5893314,ABT
2016-01-07,31.19,32.68,30.64,30.89,5508613,ABT
2016-01-08,31.13,31.37,30.39,30.83,4062743,ABT
2016-01-11,30.84,30.99,28.69,28.99,6406715,ABT
2016-01-12,29.45,29.55,27.34,28.6,7032686,ABT
2016-01-13,29.12,29.64,27.77,27.94,6644730,ABT
2016-01-14,28.34,29.22,27.57,29.07,7203651,ABT
2016-01-15,27.65,28.32,26.76,27.63,6459928,ABT
2016-01-19,27.89,28.0,25.22,25.82,7092868,ABT
2016-01-20,25.16,26.12,23.77,25.72,8344858,ABT
2016-01-21,26.13,28.71,25.8,28.39,7548390,ABT
2016-01-22,29.69,30.22,28.14,29.03,6668258,ABT
2016-01-25,28.2,29.34,27.24,27.27,5277899,ABT
2016-01-26,27.95,28.83,27.17,28.76,5739316,ABT
2016-01-27,28.45,30.43,28.19,29.87,10606121,ABT
2016-01-28,31.41,31.51,29.88,30.97,5415559,ABT
2016-01-29,31.18,32.63,31.16,32.37,7369922,ABT
2016-02-01,31.71,32.13,30.94,31.65,4396091,ABT
2016-02-02,30.61,31.26,29.97,30.67,3829578,ABT
2016-02-03,31.41,32.26,29.97,32.24,5270510,ABT
2016-02-04,32.51,33.04,31.26,31.38,6093606,ABT
2016-02-05,30.94,30.94,28.6,29.26,8880393,ABT
2016-02-08,28.58,28.64,27.22,28.36,7737334,ABT
2016-02-09,27.74,28.47,27.0,27.86,7498675,ABT
2016-02-10,27.88,28.94,27.44,28.09,6066901,ABT
2016-02-11,27.5,28.17,26.7,27.91,5908190,ABT
2016-02-12,28.6,29.32,28.28,28.73,5035944,ABT
2016-02-16,29.61,29.61,28.27,28.64,5613264,ABT
2016-02-17,29.41,31.12,29.24,30.42,8311695,ABT
2016-02-18,30.77,30.77,28.36,29.18,6623594,ABT
2016-02-19,28.83,29.86,28.37,29.85,5389761,ABT
2016-02-22,30.77,31.99,30.77,31.62,4652561,ABT
2016-02-23,31.22,31.37,29.77,29.89,3977197,ABT
2016-02-24,28.86,30.05,28.76,29.84,3970288,ABT
2016-02-25,29.71,30.57,29.14,30.26,2828487,ABT
2016-02-26,31.05,31.09,29.6,29.73,6366200,ABT
2016-02-29,29.8,30.54,28.81,29.5,5061283,ABT
2016-03-01,29.67,29.67,27.85,29.19,6013151,ABT
2016-03-02,29.13,31.07,28.94,31.05,4185999,ABT
2016-03-03,30.89,31.94,30.51,31.87,6902726,ABT
2016-03-04,32.33,33.57,31.89,32.43,6872728,ABT
2016-03-07,32.38,33.04,31.4,32.71,7477518,ABT
2016-03-08,32.15,32.18,30.6,30.75,5086168,ABT
2016-03-09,31.35,32.39,30.46,32.06,4239812,ABT
2016-03-10,31.78,32.12,31.03,31.98,3215651,ABT
2016-03-11,32.75,33.86,32.74,33.54,4082577,ABT
2016-03-14,32.79,33.55,32.59,33.22,2838008,ABT
2016-03-15,32.57,32.78,31.92,32.49,4868645,ABT
2016-03-16,32.75,33.95,32.68,33.79,4012530,ABT
2016-03-17,34.27,34.42,33.05,34.06,4417712,ABT
2016-03-18,34.48,34.99,33.81,34.47,5967278,ABT
2016-03-21,34.2,35.04,33.68,34.16,3264628,ABT
2016-03-22,33.81,34.53,33.64,33.74,2976533,ABT
2016-03-23,33.33,33.46,32.28,32.55,2914903,ABT
2016-03-24,31.87,32.38,31.2,32.34,3556829,ABT
2016-03-28,31.54,31.76,29.24,29.69,10586923,ABT
2016-03-29,29.11,30.16,28.82,30.05,5605555,ABT
2016-03-30,30.57,31.07,30.11,30.78,5043920,ABT
2016-03-31,30.71,31.68,30.37,31.41,4077682,ABT
2016-04-01,30.56,31.15,30.42,30.86,4389092,ABT
2016-04-04,31.22,31.53,29.94,30.0,3233900,ABT
2016-04-05,29.57,30.55,29.47,30.17,3765625,ABT
2016-04-06,30.55,31.49,30.26,31.26,3585690,ABT
2016-04-07,30.94,31.45,30.58,31.01,2765648,ABT
2016-04-08,31.95,32.27,31.4,31.76,3028541,ABT
2016-04-11,32.09,32.59,32.08,32.23,3441212,ABT
2016-04-12,32.53,34.0,31.95,33.64,4522133,ABT
2016-04-13,33.72,33.77,32.74,32.95,4371233,ABT
2016-04-14,33.18,33.22,32.57,33.07,3646106,ABT
2016-04-15,32.7,32.76,31.98,32.15,2595075,ABT
2016-04-18,31.04,32.6,30.86,32.57,5773521,ABT
2016-04-19,32.99,34.63,32.78,34.34,5529252,ABT
2016-04-20,34.0,35.11,33.64,34.72,4598945,ABT
2016-04-21,34.83,35.59,34.2,35.2,5973647,ABT
2016-04-22,35.28,36.2,35.28,36.04,4160495,ABT
2016-04-25,35.82,35.92,34.6,35.08,4238751,ABT
2016-04-26,35.55,36.5,35.05,36.49,5124998,ABT
2016-04-27,36.89,37.57,36.28,37.11,4256814,ABT
2016-04-28,36.74,37.09,35.66,35.75,4343949,ABT
2016-04-29,36.04,36.58,35.12,36.11,4896922,ABT
2016-05-02,36.0,36.92,35.53,36.44,3789528,ABT
2016-05-03,35.73,36.06,35.06,35.21,4102502,ABT
2016-05-04,36.06,37.34,35.02,35.59,5477496,ABT
2016-05-05,36.32,36.79,34.7,35.17,6666641,ABT
2016-05-06,34.96,35.94,34.94,35.5,3616797,ABT
2016-05-09,35.1,35.52,34.63,35.24,2906919,ABT
2016-05-10,35.44,36.36,35.41,36.35,4340402,ABT
2016-05-11,36.31,37.11,35.92,36.39,3044990,ABT
2016-05-12,36.97,37.48,36.13,36.37,3752022,ABT
2016-05-13,36.16,36.35,35.1,35.21,2922169,ABT
2016-05-16,35.96,36.58,35.82,36.12,3597591,ABT
2016-05-17,36.15,36.43,35.5,36.02,4181011,ABT
2016-05-18,36.07,36.53,34.96,35.26,4859169,ABT
2016-05-19,34.67,35.05,34.15,34.85,3513693,ABT
2016-05-20,35.18,35.72,34.87,35.62,3562974,ABT
2016-05-23,35.37,36.08,35.06,35.7,3493128,ABT
2016-05-24,35.94,36.07,35.21,35.33,3893761,ABT
2016-05-25,35.93,36.79,35.76,36.28,3766472,ABT
2016-05-26,36.59,36.66,35.54,35.64,5294789,ABT
2016-05-27,35.4,35.92,34.82,35.88,3629767,ABT
2016-05-31,36.14,36.58,35.52,35.75,2561487,ABT
2016-06-01,34.96,35.52,34.74,35.48,3588451,ABT
2016-06-02,35.19,35.5,35.05,35.44,3695274,ABT
2016-06-03,35.49,35.7,34.52,34.65,3206914,ABT
2016-06-06,35.18,35.96,34.9,35.95,3563936,ABT
2016-06-07,36.29,37.52,36.12,37.49,4876951,ABT
2016-06-08,37.95,38.62,37.59,37.72,4860776,ABT
2016-06-09,37.07,37.84,36.88,37.48,3554576,ABT
2016-06-10,36.9,37.21,36.37,36.52,4164817,ABT
2016-06-13,36.12,36.89,35.99,36.17,3501447,ABT
2016-06-14,36.03,36.71,36.02,36.67,3280459,ABT
2016-06-15,36.36,37.18,36.17,36.52,3631010,ABT
2016-06-16,36.2,36.24,35.17,35.9,4120677,ABT
2016-06-17,36.18,36.95,36.18,36.9,3921312,ABT
2016-06-20,37.7,37.84,36.73,36.75,3250871,ABT
2016-06-21,36.62,36.92,36.15,36.87,3347192,ABT
2016-06-22,37.08,37.08,36.29,36.79,3481572,ABT
2016-06-23,37.03,37.17,36.69,36.95,4071920,ABT
2016-06-24,35.05,35.97,34.88,35.09,3765206,ABT
2016-06-27,34.87,35.21,33.78,33.99,4092761,ABT
2016-06-28,34.69,35.11,34.33,35.07,3416356,ABT
2016-06-29,35.56,36.58,35.33,36.31,3136552,ABT
2016-06-30,36.36,36.36,35.44,35.87,3147373,ABT
2016-07-01,35.9,36.64,35.7,36.29,2532065,ABT
2016-07-05,35.55,35.8,35.19,35.68,3408208,ABT
2016-07-06,35.57,36.27,35.43,36.24,3094261,ABT
2016-07-07,36.6,37.09,35.77,36.13,4224504,ABT
2016-07-08,36.77,36.91,35.51,35.98,2996643,ABT
2016-07-11,36.17,36.52,35.92,35.96,2307297,ABT
2016-07-12,36.63,37.41,36.56,37.12,2967339,ABT
2016-07-13,37.18,37.28,35.85,36.56,2091127,ABT
2016-07-14,37.17,37.19,36.4,36.65,1835947,ABT
2016-07-15,36.79,37.15,36.63,36.8,1899928,ABT
2016-07-18,36.72,37.22,36.56,36.89,2324363,ABT
2016-07-19,36.68,36.8,36.19,36.37,1913204,ABT
2016-07-20,36.02,36.38,35.53,36.02,2525671,ABT
2016-07-21,36.02,36.57,35.19,35.25,2261407,ABT
2016-07-22,35.45,35.45,34.77,35.03,2636017,ABT
2016-07-25,34.66,34.84,33.99,34.5,2587781,ABT
2016-07-26,34.31,34.93,34.05,34.91,2508334,ABT
2016-07-27,35.01,35.5,34.32,34.85,4037763,ABT
2016-07-28,34.75,35.54,34.66,35.23,4068851,ABT
2016-07-29,34.81,35.79,34.69,35.72,3814625,ABT
2016-08-01,35.29,35.31,34.3,34.39,4012643,ABT
2016-08-02,34.59,34.96,33.88,34.45,5320835,ABT
2016-08-03,34.56,34.65,33.2,34.05,8056488,ABT
2016-08-04,33.79,34.05,33.05,33.2,5575676,ABT
2016-08-05,33.14,33.5,32.71,33.35,5797965,ABT
2016-08-08,33.75,34.24,33.39,33.48,6411004,ABT
2016-08-09,33.7,34.36,32.91,34.03,6194376,ABT
2016-08-10,34.1,34.51,33.8,33.85,3131527,ABT
2016-08-11,34.11,35.22,33.94,34.92,3326199,ABT
2016-08-12,35.0,35.37,34.65,35.18,2295543,ABT
2016-08-15,35.32,35.53,35.09,35.36,2097625,ABT
2016-08-16,35.2,36.05,34.72,35.84,3205988,ABT
2016-08-17,35.75,35.86,35.44,35.58,2200570,ABT
2016-08-18,35.81,36.17,35.56,35.95,9232142,ABT
2016-08-19,35.79,36.21,35.45,36.11,3058583,ABT
2016-08-22,35.67,35.83,35.18,35.57,3054416,ABT
2016-08-23,35.49,35.93,35.33,35.71,2401915,ABT
2016-08-24,35.48,36.12,35.3,35.75,3190898,ABT
2016-08-25,35.67,35.97,35.47,35.74,2323383,ABT
2016-08-26,35.75,36.06,35.04,35.34,2540378,ABT
2016-08-29,35.27,36.0,35.06,35.99,2446995,ABT
2016-08-30,36.01,36.21,35.55,35.63,2407391,ABT
2016-08-31,35.36,35.57,34.38,34.48,3152709,ABT
2016-09-01,34.24,34.57,33.62,33.85,4606743,ABT
2016-09-02,34.24,34.4,33.97,34.25,7070153,ABT
2016-09-06,34.36,35.06,34.23,35.06,4314423,ABT
2016-09-07,35.24,35.68,35.07,35.53,3601565,ABT
2016-09-08,35.89,37.5,35.8,37.25,4873007,ABT
2016-09-09,36.85,37.25,36.08,36.08,4111223,ABT
2016-09-12,35.85,36.87,35.47,36.64,3568399,ABT
2016-09-13,35.99,36.04,34.55,34.75,3824101,ABT
2016-09-14,34.57,34.98,33.69,33.87,3336989,ABT
2016-09-15,34.04,34.58,33.87,33.92,2871427,ABT
2016-09-16,33.27,33.88,33.27,33.8,4003330,ABT
2016-09-19,34.1,34.22,33.24,33.54,2934205,ABT
2016-09-20,33.41,33.51,33.02,33.1,2189151,ABT
2016-09-21,33.5,33.99,33.3,33.92,3237121,ABT
2016-09-22,34.49,34.67,33.73,34.03,2514443,ABT
2016-09-23,33.79,33.92,32.76,33.02,2683103,ABT
2016-09-26,33.62,34.32,33.5,33.62,3140659,ABT
2016-09-27,33.1,33.3,32.79,33.19,3262157,ABT
2016-09-28,33.37,34.76,32.75,34.7,5080491,ABT
2016-09-29,34.78,35.98,34.75,35.55,5459579,ABT
2016-09-30,35.86,36.03,35.27,35.74,2500602,ABT
2016-10-03,35.91,36.16,35.26,36.09,2416388,ABT
2016-10-04,36.25,36.27,35.43,35.56,1899131,ABT
2016-10-05,36.14,36.52,35.8,36.2,3568163,ABT
2016-10-06,36.4,36.49,35.41,35.6,3370653,ABT
2016-10-07,35.54,35.78,35.25,35.34,1659478,ABT
2016-10-10,35.66,36.22,35.66,36.04,2341289,ABT
2016-10-11,35.94,36.24,35.54,35.74,5048206,ABT
2016-10-12,35.57,35.8,35.19,35.59,2379626,ABT
2016-10-13,35.21,35.81,35.0,35.45,2614833,ABT
2016-10-14,35.8,35.99,35.11,35.18,3380488,ABT
2016-10-17,35.09,35.42,34.81,35.27,2271389,ABT
2016-10-18,35.8,35.8,34.98,35.09,2206739,ABT
2016-10-19,35.4,36.64,35.37,35.91,3326944,ABT
2016-10-20,35.54,36.36,35.3,35.92,3192350,ABT
2016-10-21,35.62,35.98,35.43,35.74,2453269,ABT
2016-10-24,35.71,35.94,34.94,35.38,2304558,ABT
2016-10-25,35.18,35.58,34.26,34.28,2460851,ABT
2016-10-26,33.75,35.27,33.75,35.13,4694081,ABT
2016-10-27,35.34,36.32,35.06,35.88,3790148,ABT
2016-10-28,35.81,36.09,34.97,35.5,3274638,ABT
2016-10-31,35.38,35.47,34.32,34.47,4129406,ABT
2016-11-01,34.82,35.2,34.24,35.15,5811052,ABT
2016-11-02,35.54,37.26,35.52,36.85,6711831,ABT
2016-11-03,36.89,37.43,36.4,37.32,4002269,ABT
2016-11-04,37.19,37.7,36.67,37.08,4198280,ABT
2016-11-07,37.69,37.77,37.1,37.48,2947201,ABT
2016-11-08,37.28,37.88,37.0,37.42,2502987,ABT
2016-11-09,37.51,38.1,37.0,37.58,3560585,ABT
2016-11-10,37.13,37.8,36.88,37.32,3292455,ABT
2016-11-11,37.01,37.26,36.13,36.15,3369925,ABT
2016-11-14,35.97,36.18,34.91,36.1,5300828,ABT
2016-11-15,36.71,37.84,36.67,37.47,6999215,ABT
2016-11-16,37.41,37.9,36.55,36.61,6302800,ABT
2016-11-17,36.98,37.17,35.22,35.34,7276286,ABT
2016-11-18,35.33,35.68,34.9,35.0,6717282,ABT
2016-11-21,35.92,36.32,35.75,36.3,4281755,ABT
2016-11-22,36.38,36.44,34.91,35.76,4526297,ABT
2016-11-23,35.56,36.52,35.28,36.22,2654542,ABT
2016-11-25,36.04,36.16,35.62,35.95,1096043,ABT
2016-11-28,36.24,36.48,34.81,34.88,3050482,ABT
2016-11-29,34.17,34.93,33.91,34.67,4145981,ABT
2016-11-30,35.98,38.92,35.98,38.16,7851319,ABT
2016-12-01,39.12,40.09,38.47,38.87,6185407,ABT
2016-12-02,38.53,39.16,38.41,38.82,3524471,ABT
2016-12-05,39.29,40.38,39.19,39.5,3804468,ABT
2016-12-06,39.11,40.02,38.93,39.87,2568456,ABT
2016-12-07,39.77,39.83,38.9,39.63,4668997,ABT
2016-12-08,39.83,40.07,38.85,39.57,4676571,ABT
2016-12-09,39.38,39.53,38.68,39.3,3580522,ABT
2016-12-12,40.35,40.83,39.55,39.84,3981529,ABT
2016-12-13,40.25,41.76,39.94,41.64,6442378,ABT
2016-12-14,41.05,42.03,40.66,40.79,5792673,ABT
2016-12-15,40.51,41.24,40.21,40.91,3406429,ABT
2016-12-16,41.12,41.47,40.71,41.16,3729695,ABT
2016-12-19,41.17,41.3,39.98,40.25,3470611,ABT
2016-12-20,40.65,40.86,40.0,40.15,2726095,ABT
2016-12-21,40.36,40.46,39.49,39.6,2738893,ABT
2016-12-22,39.8,40.0,39.35,39.53,3398242,ABT
2016-12-23,39.36,39.53,39.14,39.19,1415022,ABT
2016-12-27,39.35,39.61,39.11,39.31,2453987,ABT
2016-12-28,39.31,39.49,38.7,38.8,2054217,ABT
2016-12-29,38.73,38.88,38.13,38.27,2254133,ABT
2016-12-30,38.18,38.7,37.89,38.06,2221089,ABT
2017-01-03,38.64,39.28,37.71,38.43,3738612,ABT
2017-01-04,38.3,38.54,37.57,38.33,3190734,ABT
2017-01-05,38.38,38.69,37.88,38.16,3182882,ABT
2017-01-06,38.31,38.38,37.71,38.14,2255369,ABT
2017-01-09,37.77,37.89,37.24,37.4,4008518,ABT
2017-01-10,37.57,37.63,36.97,36.99,2916844,ABT
2017-01-11,37.6,37.6,36.94,37.34,3766926,ABT
2017-01-12,37.67,37.67,36.94,37.18,3322073,ABT
2017-01-13,36.97,37.57,36.8,37.39,4352400,ABT
2017-01-17,38.33,40.84,38.3,40.05,17521487,ABT
2017-01-18,39.69,40.54,39.4,39.79,6414852,ABT
2017-01-19,39.75,40.6,39.57,40.27,5363657,ABT
2017-01-20,40.71,40.89,40.16,40.21,4074287,ABT
2017-01-23,39.78,40.38,39.66,39.77,3594875,ABT
2017-01-24,39.99,40.6,39.71,40.03,4057511,ABT
2017-01-25,40.02,40.29,39.52,39.79,5352984,ABT
2017-01-26,40.07,40.5,39.75,40.23,4669283,ABT
2017-01-27,40.1,40.47,39.95,40.27,5356632,ABT
2017-01-30,40.14,40.15,38.84,39.52,5917460,ABT
2017-01-31,39.72,39.91,39.15,39.76,4182985,ABT
2017-02-01,39.96,40.23,39.14,39.46,3844629,ABT
2017-02-02,39.52,39.84,38.8,39.73,4002814,ABT
2017-02-03,39.69,40.57,39.31,40.3,3869113,ABT
2017-02-06,40.29,40.52,39.61,39.86,2769844,ABT
2017-02-07,39.52,39.72,38.44,38.8,3969544,ABT
2017-02-08,38.47,38.7,37.66,38.25,4992779,ABT
2017-02-09,38.67,39.08,38.24,38.39,3811126,ABT
2017-02-10,38.95,39.29,38.4,38.87,3083591,ABT
2017-02-13,38.7,38.72,38.04,38.46,4755861,ABT
2017-02-14,39.5,39.6,36.93,37.65,6909725,ABT
2017-02-15,37.47,37.81,37.19,37.47,4666100,ABT
2017-02-16,37.66,37.91,37.13,37.21,3521864,ABT
2017-02-17,37.16,37.4,37.0,37.05,2770058,ABT
2017-02-21,37.55,37.82,37.31,37.54,3471943,ABT
2017-02-22,37.16,37.33,36.64,36.67,2972344,ABT
2017-02-23,37.37,37.78,37.02,37.42,5826344,ABT
2017-02-24,37.2,37.7,36.5,36.78,3665335,ABT
2017-02-27,36.92,37.1,36.55,36.75,3970368,ABT
2017-02-28,36.42,36.67,36.2,36.41,4078386,ABT
2017-03-01,36.87,37.33,36.67,37.27,3161249,ABT
2017-03-02,37.0,37.26,36.78,36.82,3452640,ABT
2017-03-03,36.92,37.23,36.65,36.71,2430343,ABT
2017-03-06,36.5,36.96,36.34,36.81,3758393,ABT
2017-03-07,36.86,36.97,35.84,35.88,3590605,ABT
2017-03-08,35.62,35.75,34.07,34.09,5928436,ABT
2017-03-09,33.9,34.73,33.57,34.63,5864137,ABT
2017-03-10,34.9,34.93,33.93,34.07,3347922,ABT
2017-03-13,34.07,34.45,33.85,34.05,5425237,ABT
2017-03-14,33.57,33.88,33.24,33.69,5597101,ABT
2017-03-15,34.14,34.49,33.7,34.41,4360633,ABT
2017-03-16,34.43,34.59,33.75,33.91,3163260,ABT
2017-03-17,34.12,34.27,33.68,33.86,6209915,ABT
2017-03-20,33.59,34.02,33.34,33.92,2833709,ABT
2017-03-21,34.0,34.09,33.12,33.33,3341002,ABT
2017-03-22,33.17,33.64,33.06,33.51,3548139,ABT
2017-03-23,33.32,33.38,32.91,32.97,6147227,ABT
2017-03-24,33.13,33.19,32.71,32.82,3722723,ABT
2017-03-27,32.36,32.93,32.33,32.85,2937713,ABT
2017-03-28,32.92,34.22,32.89,34.15,5804669,ABT
2017-03-29,34.06,34.91,34.05,34.75,5327064,ABT
2017-03-30,34.96,35.0,34.3,34.31,7355474,ABT
2017-03-31,34.31,34.71,33.92,34.34,4417019,ABT
2017-04-03,34.23,34.31,33.8,33.97,3397395,ABT
2017-04-04,34.11,34.42,33.75,34.4,3017128,ABT
2017-04-05,34.9,35.21,33.97,34.04,4475838,ABT
2017-04-06,34.35,34.85,34.18,34.69,2475521,ABT
2017-04-07,34.69,34.93,34.5,34.58,3003515,ABT
2017-04-10,34.77,35.58,34.72,35.31,3931930,ABT
2017-04-11,35.28,35.28,34.66,35.24,2970489,ABT
2017-04-12,35.19,35.74,35.03,35.24,3954392,ABT
2017-04-13,35.15,35.52,34.76,34.92,4848116,ABT
2017-04-17,35.06,35.51,34.84,35.36,4786182,ABT
2017-04-18,34.91,35.18,34.1,34.12,5262739,ABT
2017-04-19,34.29,34.35,33.53,33.62,4616416,ABT
2017-04-20,33.8,34.48,33.65,34.18,5062275,ABT
2017-04-21,33.93,34.48,33.86,34.15,3926902,ABT
2017-04-24,34.42,34.62,34.08,34.17,9717004,ABT
2017-04-25,34.3,34.54,34.12,34.43,3831105,ABT
2017-04-26,34.19,34.95,34.12,34.16,2855564,ABT
2017-04-27,33.85,33.85,32.38,32.57,10691369,ABT
2017-04-28,32.9,32.93,32.26,32.33,5116504,ABT
2017-05-01,32.18,32.38,31.87,32.3,6917231,ABT
2017-05-02,33.22,33.27,31.16,31.42,9479231,ABT
2017-05-03,30.52,30.58,29.39,30.18,19413436,ABT
2017-05-04,30.0,30.64,29.82,30.61,14074206,ABT
2017-05-05,30.62,31.15,30.5,31.03,9711977,ABT
2017-05-08,31.05,31.42,30.84,31.24,6467452,ABT
2017-05-09,31.25,31.32,30.86,31.09,7387082,ABT
2017-05-10,31.4,31.8,31.19,31.48,8127501,ABT
2017-05-11,31.72,31.8,31.29,31.34,6985867,ABT
2017-05-12,31.3,31.68,31.3,31.53,8213127,ABT
2017-05-15,32.18,32.21,31.71,31.97,7758572,ABT
2017-05-16,32.1,32.18,31.54,31.61,4627596,ABT
2017-05-17,31.38,31.9,31.24,31.36,5654395,ABT
2017-05-18,31.09,31.25,30.7,30.72,7873764,ABT
2017-05-19,31.03,31.4,30.8,31.24,7152661,ABT
2017-05-22,31.56,31.73,31.07,31.09,4891837,ABT
2017-05-23,31.11,31.18,30.55,30.81,5944751,ABT
2017-05-24,30.86,31.06,30.34,30.45,4812161,ABT
2017-05-25,30.33,30.97,29.43,29.73,7626112,ABT
2017-05-26,29.71,29.79,29.33,29.45,8855436,ABT
2017-05-30,29.16,29.28,28.93,28.97,8432409,ABT
2017-05-31,28.54,28.9,28.29,28.69,6778657,ABT
2017-06-01,28.71,29.4,28.55,29.03,6170905,ABT
2017-06-02,28.84,28.95,28.4,28.51,4435210,ABT
2017-06-05,28.42,28.88,28.38,28.68,6230321,ABT
2017-06-06,28.95,29.36,28.62,29.11,5861215,ABT
2017-06-07,28.95,29.37,28.13,28.45,6746237,ABT
2017-06-08,28.27,28.62,27.92,27.94,4374842,ABT
2017-06-09,27.97,29.22,27.97,29.12,5456143,ABT
2017-06-12,29.5,30.02,29.45,29.68,8305443,ABT
2017-06-13,29.71,30.19,29.64,30.19,4110060,ABT
2017-06-14,29.93,30.0,29.31,29.63,4098481,ABT
2017-06-15,29.53,30.12,29.52,29.72,7709645,ABT
2017-06-16,29.88,29.92,29.18,29.5,15470799,ABT
2017-06-19,29.45,29.6,29.16,29.2,4047289,ABT
2017-06-20,28.77,28.79,28.15,28.5,6570010,ABT
2017-06-21,28.11,28.46,27.72,28.12,7812869,ABT
2017-06-22,28.14,28.26,27.66,27.76,4064101,ABT
2017-06-23,27.79,28.34,27.67,28.2,6950858,ABT
2017-06-26,28.27,28.75,28.11,28.27,5658323,ABT
2017-06-27,28.48,28.59,27.76,27.78,6626704,ABT
2017-06-28,27.87,28.3,27.71,28.02,4118225,ABT
2017-06-29,28.14,28.88,28.11,28.65,7841199,ABT
2017-06-30,28.86,28.94,28.29,28.3,6501305,ABT
2017-07-03,28.47,29.05,28.41,28.93,3050098,ABT
2017-07-05,28.63,28.73,28.01,28.07,3975053,ABT
2017-07-06,28.22,28.37,27.1,27.16,4697302,ABT
2017-07-07,27.0,27.09,26.56,27.0,4611489,ABT
2017-07-10,26.97,27.86,26.97,27.73,4320073,ABT
2017-07-11,27.74,28.11,27.54,27.68,5341839,ABT
2017-07-12,28.01,28.1,27.59,27.84,6608113,ABT
2017-07-13,27.82,28.28,27.78,28.2,3611056,ABT
2017-07-14,28.18,28.38,28.06,28.26,3601705,ABT
2017-07-17,28.26,28.9,28.21,28.7,3588355,ABT
2017-07-18,28.91,29.04,28.29,28.35,3881918,ABT
2017-07-19,28.25,29.81,28.21,29.71,4608669,ABT
2017-07-20,29.95,30.06,28.7,28.73,3799424,ABT
2017-07-21,28.69,28.74,28.19,28.38,3760435,ABT
2017-07-24,28.47,28.59,28.14,28.18,2278626,ABT
2017-07-25,28.6,29.43,28.6,29.02,3519368,ABT
2017-07-26,29.29,29.34,28.62,28.64,5085820,ABT
2017-07-27,28.61,29.16,28.49,29.15,3339106,ABT
2017-07-28,29.11,29.58,28.73,29.0,5886621,ABT
2017-07-31,,29.23,,28.91,3247827,ABT
2017-08-01,28.82,28.82,28.35,28.42,2991843,ABT
2017-08-02,28.3,28.4,27.83,28.14,4597206,ABT
2017-08-03,27.4,27.7,25.23,25.89,9546890,ABT
2017-08-04,25.66,26.05,25.46,25.92,7544367,ABT
2017-08-07,25.79,25.79,25.15,25.54,5138793,ABT
2017-08-08,25.38,25.71,25.26,25.39,7152099,ABT
2017-08-09,25.52,25.7,25.1,25.28,5478271,ABT
2017-08-10,25.45,25.7,24.84,24.92,5916254,ABT
