Date,Open,High,Low,Close,Volume,Name
2012-08-13,11.68,11.95,11.6,11.82,907410,GT
2012-08-14,11.92,11.97,11.57,11.65,935319,GT
2012-08-15,11.68,11.81,11.53,11.64,969732,GT
2012-08-16,11.72,11.88,11.63,11.77,845325,GT
2012-08-17,11.85,12.06,11.67,12.04,896726,GT
2012-08-20,12.0,12.15,11.86,12.13,4842159,GT
2012-08-21,12.15,12.31,11.88,11.99,6927455,GT
2012-08-22,11.89,11.95,11.73,11.86,5612039,GT
2012-08-23,11.85,12.01,11.68,11.86,5668817,GT
2012-08-24,11.75,12.02,11.67,11.88,2862997,GT
2012-08-27,11.88,12.03,11.65,11.69,3303337,GT
2012-08-28,11.69,11.83,11.57,11.58,3835823,GT
2012-08-29,11.57,11.91,11.52,11.87,3528404,GT
2012-08-30,11.77,11.92,11.71,11.78,3420598,GT
2012-08-31,11.88,12.26,11.84,12.2,7100285,GT
2012-09-04,12.14,12.27,11.9,12.12,4486547,GT
2012-09-05,12.1,12.57,12.0,12.54,5944851,GT
2012-09-06,12.63,13.15,12.63,12.98,6304814,GT
2012-09-07,12.98,13.2,12.94,13.16,5235192,GT
2012-09-10,13.1,13.25,13.09,13.12,5114607,GT
2012-09-11,13.15,13.26,12.98,13.06,5386595,GT
2012-09-12,13.19,13.31,12.93,13.02,3974349,GT
2012-09-13,13.01,13.4,12.88,13.28,5251149,GT
2012-09-14,13.33,13.52,13.32,13.51,4584414,GT
2012-09-17,13.5,13.5,13.12,13.16,2841592,GT
2012-09-18,13.08,13.12,12.81,12.95,3714077,GT
2012-09-19,13.0,13.54,12.93,13.48,5211606,GT
2012-09-20,13.3,13.42,13.05,13.38,3410217,GT
2012-09-21,13.29,13.4,12.67,12.73,10956636,GT
2012-09-24,12.71,12.94,12.62,12.78,5906722,GT
2012-09-25,12.82,12.85,12.13,12.17,4776000,GT
2012-09-26,12.13,12.17,11.87,11.99,5010841,GT
2012-09-27,12.71,12.77,12.35,12.46,5872532,GT
2012-09-28,12.35,12.4,12.13,12.19,3650526,GT
2012-10-01,12.35,12.55,12.21,12.3,4084604,GT
2012-10-02,12.37,12.4,12.07,12.39,3985429,GT
2012-10-03,12.4,12.54,12.33,12.42,3183865,GT
2012-10-04,12.52,12.74,12.42,12.73,3335916,GT
2012-10-05,12.88,13.11,12.69,12.74,3876841,GT
2012-10-08,12.63,12.7,12.5,12.56,3217638,GT
2012-10-09,12.56,12.64,12.33,12.62,5405726,GT
2012-10-10,12.58,12.65,12.28,12.33,3151933,GT
2012-10-11,12.75,12.81,12.42,12.44,5025383,GT
2012-10-12,12.42,12.66,12.22,12.28,3397305,GT
2012-10-15,12.34,12.44,12.19,12.4,2639025,GT
2012-10-16,12.38,12.59,11.93,12.57,3888919,GT
2012-10-17,12.57,12.83,12.55,12.79,3614732,GT
2012-10-18,12.76,12.86,12.61,12.73,4142388,GT
2012-10-19,12.69,12.71,12.35,12.39,4196737,GT
2012-10-22,12.34,12.58,12.22,12.54,4393457,GT
2012-10-23,12.26,12.47,12.2,12.3,3573260,GT
2012-10-24,12.39,12.51,12.21,12.26,2431119,GT
2012-10-25,12.4,12.54,12.1,12.3,4691545,GT
2012-10-26,11.65,11.73,10.99,11.02,15418335,GT
2012-10-31,11.14,11.43,10.94,11.41,5991159,GT
2012-11-01,11.43,11.72,11.38,11.64,5045015,GT
2012-11-02,11.78,11.88,11.58,11.6,4293276,GT
2012-11-05,11.55,11.82,11.55,11.66,2590300,GT
2012-11-06,11.79,12.15,11.68,12.07,6172276,GT
2012-11-07,11.82,11.91,11.67,11.77,3407475,GT
2012-11-08,11.85,11.97,11.6,11.65,4097483,GT
2012-11-09,11.56,11.86,11.51,11.53,3963946,GT
2012-11-12,11.6,11.69,11.54,11.61,2478891,GT
2012-11-13,11.5,11.6,11.27,11.29,3172298,GT
2012-11-14,11.34,11.79,10.91,10.99,3983113,GT
2012-11-15,11.0,11.28,10.93,11.19,4429271,GT
2012-11-16,11.21,11.39,10.95,11.16,3437431,GT
2012-11-19,11.34,11.46,11.21,11.29,3695723,GT
2012-11-20,11.3,11.49,11.19,11.41,2139985,GT
2012-11-21,11.41,11.66,11.37,11.61,2022262,GT
2012-11-23,11.7,11.86,11.63,11.83,1126266,GT
2012-11-26,11.74,11.9,11.67,11.83,2262488,GT
2012-11-27,11.79,11.87,11.67,11.67,2445879,GT
2012-11-28,11.6,11.93,11.47,11.9,2736546,GT
2012-11-29,11.99,12.34,11.96,12.34,4059054,GT
2012-11-30,12.34,12.62,12.31,12.6,4617317,GT
2012-12-03,12.69,12.75,12.51,12.58,3472179,GT
2012-12-04,12.6,12.83,12.52,12.76,3262430,GT
2012-12-05,12.75,12.9,12.65,12.8,3556802,GT
2012-12-06,12.78,12.87,12.57,12.74,2924479,GT
2012-12-07,12.82,12.9,12.66,12.78,3322176,GT
2012-12-10,12.72,13.18,12.52,13.09,6594998,GT
2012-12-11,13.16,13.4,13.04,13.17,3287876,GT
2012-12-12,13.22,13.31,13.1,13.14,2468239,GT
2012-12-13,13.11,13.25,12.79,12.86,3329106,GT
2012-12-14,12.81,12.95,12.76,12.95,2820963,GT
2012-12-17,12.99,13.12,12.92,13.08,2971916,GT
2012-12-31,13.28,13.84,13.25,13.81,3552278,GT
2013-01-02,14.04,14.15,13.92,14.01,3876072,GT
2013-01-03,13.95,14.21,13.83,14.07,2589736,GT
2013-01-04,14.14,14.39,13.95,14.35,2236206,GT
2013-01-07,14.24,14.3,13.98,14.1,2838780,GT
2013-01-08,13.99,14.16,13.71,14.06,2658180,GT
2013-01-09,14.13,14.65,14.08,14.36,3723933,GT
2013-01-10,14.48,14.52,14.08,14.13,4027213,GT
2013-01-11,14.08,14.14,13.72,13.78,3732338,GT
2013-01-14,13.78,13.95,13.66,13.94,2691862,GT
2013-01-15,13.88,14.18,13.82,14.01,3737565,GT
2013-01-16,13.92,13.92,13.58,13.85,3911397,GT
2013-01-17,13.85,13.98,13.67,13.88,3045398,GT
2013-01-18,14.06,14.06,13.64,13.81,3472517,GT
2013-01-22,13.75,13.93,13.5,13.87,3487953,GT
2013-01-23,13.86,13.91,13.61,13.71,3509163,GT
2013-01-24,13.69,13.91,13.66,13.81,2230106,GT
2013-01-25,13.66,13.98,13.66,13.87,2436407,GT
2013-01-28,13.94,13.99,13.76,13.88,4076488,GT
2013-01-29,13.89,13.95,13.73,13.92,2579396,GT
2013-01-30,13.92,13.96,13.78,13.82,1691823,GT
2013-01-31,13.68,13.85,13.6,13.75,3323542,GT
2013-02-01,13.84,13.88,13.72,13.78,3193021,GT
2013-02-04,13.69,13.76,13.37,13.43,3713460,GT
2013-02-05,13.49,13.68,13.46,13.62,4177811,GT
2013-02-06,13.63,13.78,13.47,13.59,5153745,GT
2013-02-07,13.68,13.71,13.44,13.53,4510637,GT
2013-02-08,13.62,13.78,13.32,13.59,5876187,GT
2013-02-11,13.7,13.93,13.53,13.91,7972686,GT
2013-02-12,13.55,14.15,13.1,13.86,12293623,GT
2013-02-13,13.9,14.18,13.9,14.08,7092499,GT
2013-02-14,14.0,14.2,13.93,14.17,4514455,GT
2013-02-15,14.25,14.32,14.03,14.1,4641597,GT
2013-02-19,14.1,14.26,14.07,14.09,3080792,GT
2013-02-20,14.08,14.2,13.82,13.86,3722555,GT
2013-02-21,13.82,13.88,13.43,13.53,4683303,GT
2013-02-22,13.58,13.63,13.35,13.45,3517507,GT
2013-02-25,13.61,13.68,12.96,13.0,4849325,GT
2013-02-26,13.02,13.3,12.63,12.9,4867523,GT
2013-02-27,12.96,13.05,12.82,12.9,3874435,GT
2013-02-28,12.87,13.2,12.87,12.98,3708481,GT
2013-03-01,12.95,13.16,12.8,12.96,4222430,GT
2013-03-04,12.92,12.94,12.6,12.67,2881577,GT
2013-03-05,12.74,12.95,12.72,12.8,3408842,GT
2013-03-06,12.86,12.94,12.74,12.9,3231509,GT
2013-03-07,12.99,13.0,12.87,12.94,1533335,GT
2013-03-08,13.0,13.31,12.9,13.08,4144914,GT
2013-03-11,13.2,13.2,12.82,12.98,5545602,GT
2013-03-12,12.96,13.1,12.92,12.98,4780050,GT
2013-03-13,12.99,13.49,12.99,13.42,4822590,GT
2013-03-14,13.46,13.61,13.36,13.55,2998340,GT
2013-03-15,13.57,13.74,13.54,13.73,5224526,GT
2013-03-18,13.57,13.63,13.35,13.41,3640377,GT
2013-03-19,13.48,13.7,13.22,13.27,4458638,GT
2013-03-20,13.37,13.47,13.28,13.42,2223250,GT
2013-03-21,13.28,13.38,12.91,12.99,3960081,GT
2013-03-22,13.01,13.16,12.75,12.8,3279494,GT
2013-03-25,12.91,12.94,12.55,12.66,3846399,GT
2013-03-26,12.69,12.85,12.52,12.82,3964572,GT
2013-03-27,12.72,12.8,12.54,12.77,2934946,GT
2013-03-28,12.73,12.79,12.46,12.6,2891718,GT
2013-04-01,12.59,12.64,12.34,12.42,4293609,GT
2013-04-02,12.57,12.57,12.14,12.22,2546372,GT
2013-04-03,12.2,12.38,12.02,12.06,5181278,GT
2013-04-04,12.1,12.33,12.06,12.26,2951572,GT
2013-04-05,12.05,12.23,11.96,12.16,2720497,GT
2013-04-08,12.14,12.46,12.09,12.43,3421396,GT
2013-04-09,12.45,12.7,12.28,12.55,4525420,GT
2013-04-10,12.56,12.74,12.37,12.7,4276149,GT
2013-04-11,12.77,12.9,12.66,12.83,2618870,GT
2013-04-12,12.8,12.8,12.35,12.5,3987000,GT
2013-04-15,12.47,12.5,11.83,11.95,4930828,GT
2013-04-16,12.08,12.44,12.06,12.42,4120376,GT
2013-04-17,12.27,12.36,11.9,12.02,4334882,GT
2013-04-18,12.08,12.16,11.87,11.98,4099082,GT
2013-04-19,12.02,12.17,11.96,12.14,3252825,GT
2013-04-22,11.99,12.19,11.92,12.03,3181980,GT
2013-04-23,12.1,12.24,11.96,12.21,3305927,GT
2013-04-24,12.2,12.53,12.2,12.51,3423930,GT
2013-04-25,12.59,13.02,12.58,12.94,6879711,GT
2013-04-26,13.35,13.4,12.41,12.51,10907212,GT
2013-04-29,12.46,12.6,12.25,12.57,6787496,GT
2013-04-30,12.44,12.58,12.35,12.5,3294705,GT
2013-05-01,12.45,12.5,12.15,12.2,4238016,GT
2013-05-02,12.3,12.39,12.14,12.23,3734439,GT
2013-05-03,12.41,12.75,12.23,12.37,6290526,GT
2013-05-06,12.47,12.92,12.45,12.85,3652587,GT
2013-05-07,12.9,13.1,12.88,13.07,4191622,GT
2013-05-08,13.1,13.26,13.02,13.05,5477561,GT
2013-05-09,13.05,13.07,12.67,12.89,4710169,GT
2013-05-10,12.94,13.0,12.75,12.85,3028036,GT
2013-05-13,12.73,12.87,12.51,12.67,3343308,GT
2013-05-14,12.66,13.01,12.65,13.0,4612453,GT
2013-05-15,12.99,13.48,12.96,13.45,6421776,GT
2013-05-16,13.47,13.91,13.45,13.78,9761290,GT
2013-05-17,13.96,14.96,13.91,14.74,13174859,GT
2013-05-20,14.68,14.85,14.47,14.72,5211781,GT
2013-05-21,14.71,14.87,14.52,14.8,5056700,GT
2013-05-22,14.85,14.94,14.28,14.5,6177632,GT
2013-05-23,14.16,14.67,14.03,14.58,3920334,GT
2013-05-24,14.48,14.62,14.28,14.55,3072851,GT
2013-05-28,14.8,15.08,14.74,14.92,6793210,GT
2013-05-29,14.71,15.38,14.71,15.29,6444386,GT
2013-05-30,15.32,16.06,15.22,15.82,10026061,GT
2013-05-31,15.63,15.82,15.08,15.14,18990526,GT
2013-06-03,15.45,15.56,14.8,15.31,5871962,GT
2013-06-04,15.35,15.51,14.88,15.1,4634986,GT
2013-06-05,14.95,15.0,14.52,14.6,5379101,GT
2013-06-06,14.59,14.91,14.46,14.65,4693795,GT
2013-06-07,14.85,14.9,14.64,14.82,2675855,GT
2013-06-10,14.96,14.98,14.58,14.75,2797019,GT
2013-06-11,14.43,14.76,14.28,14.6,3495254,GT
2013-06-12,15.34,15.35,14.78,14.93,8785425,GT
2013-06-13,14.85,15.53,14.7,15.49,5110470,GT
2013-06-14,15.47,15.59,15.28,15.31,3587376,GT
2013-06-17,15.43,15.5,15.02,15.1,3603591,GT
2013-06-18,15.13,15.31,14.94,14.97,3550752,GT
2013-06-19,15.02,15.49,14.98,15.29,5685948,GT
2013-06-20,15.21,15.23,14.67,14.84,4716707,GT
2013-06-21,14.9,15.0,14.51,14.94,4643392,GT
2013-06-24,14.72,14.84,13.9,14.24,6173335,GT
2013-06-25,14.39,14.77,14.33,14.71,3590690,GT
2013-06-26,14.84,14.95,14.71,14.91,2412331,GT
2013-06-27,14.99,15.2,14.9,14.98,4596566,GT
2013-06-28,14.92,15.47,14.81,15.3,6639951,GT
2013-07-01,15.25,15.6,15.25,15.49,3158964,GT
2013-07-02,15.4,15.66,15.29,15.44,2682025,GT
2013-07-03,15.25,15.44,15.16,15.38,1466422,GT
2013-07-05,15.48,15.9,15.46,15.86,2734819,GT
2013-07-08,15.88,16.33,15.88,16.21,5085812,GT
2013-07-09,16.36,16.58,16.21,16.4,3590075,GT
2013-07-10,16.31,16.56,16.24,16.41,3679747,GT
2013-07-11,16.62,16.74,16.4,16.68,3731934,GT
2013-07-12,16.68,16.77,16.36,16.6,2956564,GT
2013-07-15,16.68,16.79,16.58,16.7,2550808,GT
2013-07-16,16.8,16.87,16.41,16.51,3430964,GT
2013-07-17,16.63,17.06,16.57,17.05,4826914,GT
2013-07-18,17.06,17.64,16.96,17.3,5396341,GT
2013-07-19,17.37,17.37,17.09,17.23,2132548,GT
2013-07-22,17.21,17.52,17.19,17.46,3114193,GT
2013-07-23,17.43,17.44,16.86,17.16,5174127,GT
2013-07-24,17.24,17.3,16.9,16.96,3835429,GT
2013-07-25,16.83,16.88,16.49,16.75,4865340,GT
2013-07-26,16.57,16.88,16.51,16.78,2462566,GT
2013-07-29,16.75,17.07,16.68,17.04,3086032,GT
2013-07-30,18.14,19.6,18.05,18.56,14379209,GT
2013-07-31,18.54,18.96,18.41,18.5,11399798,GT
2013-08-01,18.58,18.9,18.51,18.69,4946725,GT
2013-08-02,18.62,19.12,18.55,19.02,3770364,GT
2013-08-05,19.04,19.18,18.75,18.8,2875661,GT
2013-08-06,18.75,19.13,18.65,19.04,4199064,GT
2013-08-07,18.92,18.92,18.33,18.8,4973971,GT
2013-08-08,18.9,19.17,18.78,18.84,3740834,GT
2013-08-09,18.79,19.15,18.75,19.05,2222147,GT
2013-08-12,18.85,19.42,18.82,19.38,3101563,GT
2013-08-13,19.36,19.48,18.96,19.21,4722821,GT
2013-08-14,19.21,19.75,19.17,19.25,2782120,GT
2013-08-15,19.08,19.08,18.64,18.84,3127657,GT
2013-08-16,19.06,19.09,18.61,18.72,2675157,GT
2013-08-19,18.74,18.75,18.28,18.41,3207694,GT
2013-08-20,18.44,18.87,18.31,18.83,4026440,GT
2013-08-21,18.73,19.0,18.51,18.58,2775706,GT
2013-08-22,18.64,18.95,18.62,18.84,1919079,GT
2013-08-23,18.9,19.0,18.69,18.84,2947072,GT
2013-08-26,18.74,19.0,18.62,18.64,2775339,GT
2013-08-27,18.45,19.26,18.29,19.01,6751022,GT
2013-08-28,19.0,19.84,18.84,19.84,6338448,GT
2013-08-29,19.9,20.46,19.64,20.31,7510999,GT
2013-08-30,20.37,20.37,19.9,20.12,3965501,GT
2013-09-03,20.35,20.84,20.14,20.28,4247229,GT
2013-09-04,20.32,20.85,20.17,20.76,3688603,GT
2013-09-05,20.92,21.01,20.7,20.77,3321335,GT
2013-09-06,20.86,21.0,20.43,20.79,2551498,GT
2013-09-09,20.84,21.41,20.76,21.24,3926097,GT
2013-09-10,21.47,22.28,21.24,21.97,6893077,GT
2013-09-11,22.01,22.36,21.92,22.1,4326258,GT
2013-09-12,22.02,22.15,21.65,21.77,4537250,GT
2013-09-13,21.85,21.91,21.41,21.82,3521366,GT
2013-09-16,22.07,22.28,21.73,21.82,4200545,GT
2013-09-17,21.75,22.16,21.58,21.98,3536231,GT
2013-09-18,21.93,22.37,21.62,22.17,3823878,GT
2013-09-19,22.48,22.5,21.92,22.23,4253191,GT
2013-09-20,23.07,23.13,22.11,22.22,7415941,GT
2013-09-23,22.2,22.37,21.81,22.11,6130437,GT
2013-09-24,22.23,22.99,22.04,22.82,6783621,GT
2013-09-25,22.83,23.24,22.72,22.98,5899265,GT
2013-09-26,23.1,23.21,22.51,22.6,3992025,GT
2013-09-27,22.43,22.75,22.31,22.46,2372620,GT
2013-09-30,22.27,22.61,21.97,22.45,3287855,GT
2013-10-01,22.5,23.26,22.42,23.25,4898956,GT
2013-10-02,22.8,23.4,22.75,23.27,4074899,GT
2013-10-03,23.14,23.34,22.68,22.78,4806391,GT
2013-10-04,22.8,23.11,22.62,23.01,4014562,GT
2013-10-07,22.72,22.82,22.44,22.45,3483483,GT
2013-10-08,22.44,22.72,21.56,21.85,5244860,GT
2013-10-09,21.89,22.17,21.45,22.03,4612819,GT
2013-10-10,22.43,23.0,22.34,22.45,5090021,GT
2013-10-11,22.4,22.67,22.38,22.64,3177853,GT
2013-10-14,22.42,22.84,22.33,22.62,3729016,GT
2013-10-15,22.71,22.83,22.2,22.34,3326853,GT
2013-10-16,22.47,22.63,22.34,22.44,3209312,GT
2013-10-17,22.42,22.43,22.11,22.35,3612800,GT
2013-10-18,22.49,22.75,22.36,22.63,4099222,GT
2013-10-21,21.88,22.2,20.94,21.12,12458250,GT
2013-10-22,21.18,22.1,21.12,22.04,6554553,GT
2013-10-23,21.86,21.98,21.48,21.86,4446190,GT
2013-10-24,22.02,22.29,21.86,22.15,4012831,GT
2013-10-25,22.19,22.29,21.88,22.21,2988890,GT
2013-10-28,22.1,22.39,21.76,22.05,5876229,GT
2013-10-29,21.08,21.59,19.84,20.76,16805078,GT
2013-10-30,20.87,21.48,20.7,21.42,6563609,GT
2013-10-31,21.44,21.45,20.96,20.97,4127725,GT
2013-11-01,21.12,21.34,20.66,20.86,4438782,GT
2013-11-04,20.77,21.04,20.76,20.84,2616387,GT
2013-11-05,20.86,21.23,20.53,21.07,3339365,GT
2013-11-06,21.14,21.19,20.54,20.58,4031225,GT
2013-11-07,20.79,20.99,20.46,20.91,5396557,GT
2013-11-08,20.85,21.35,20.81,21.06,3543947,GT
2013-11-11,21.06,21.19,20.9,21.06,2081000,GT
2013-11-12,20.96,21.14,20.84,21.06,2923958,GT
2013-11-13,20.99,21.63,20.9,21.58,3267571,GT
2013-11-14,21.58,21.82,21.2,21.33,2522663,GT
2013-11-15,21.58,21.69,21.2,21.65,2700002,GT
2013-11-18,21.54,21.9,21.41,21.48,2684383,GT
2013-11-19,21.5,21.59,21.17,21.23,2105233,GT
2013-11-20,21.26,21.56,21.18,21.38,2954180,GT
2013-11-21,21.46,21.84,21.39,21.7,2891315,GT
2013-11-22,21.7,21.8,21.38,21.75,2315099,GT
2013-11-25,21.77,22.32,21.65,22.12,2967111,GT
2013-11-26,22.06,22.2,21.81,22.1,2991546,GT
2013-11-27,21.98,22.46,21.9,22.35,2251121,GT
2013-11-29,22.43,22.5,22.14,22.26,1388900,GT
2013-12-02,22.39,22.65,22.05,22.09,2761106,GT
2013-12-03,22.07,22.09,21.27,21.43,3279892,GT
2013-12-04,21.24,21.74,21.14,21.29,2277956,GT
2013-12-05,21.33,22.02,21.29,21.99,8304449,GT
2013-12-06,22.3,22.57,22.07,22.56,3192040,GT
2013-12-09,22.62,22.88,22.37,22.45,3051838,GT
2013-12-10,22.41,22.69,22.3,22.46,2634715,GT
2013-12-11,22.37,22.57,22.12,22.43,2953721,GT
2013-12-12,22.4,22.48,22.15,22.33,2480685,GT
2013-12-13,22.44,22.69,22.33,22.62,1853079,GT
2013-12-16,22.71,22.95,22.63,22.76,1867462,GT
2013-12-17,22.88,22.92,22.64,22.72,2474877,GT
2013-12-18,22.82,22.82,22.0,22.59,3133544,GT
2013-12-19,22.54,22.82,22.38,22.78,2924113,GT
2013-12-20,22.87,22.97,22.46,22.93,3618459,GT
2013-12-23,23.08,23.38,23.0,23.34,2102343,GT
2013-12-24,23.38,23.63,23.22,23.62,1094247,GT
2013-12-26,23.63,23.87,23.45,23.47,1739127,GT
2013-12-27,23.43,23.62,23.04,23.54,1605870,GT
2013-12-30,23.55,23.67,23.11,23.65,1848345,GT
2013-12-31,23.72,24.0,23.65,23.85,2249283,GT
2014-01-02,23.67,23.74,23.31,23.53,2792843,GT
2014-01-03,23.7,23.73,23.15,23.37,1995514,GT
2014-01-06,23.46,23.95,23.31,23.76,5430769,GT
2014-01-07,23.9,24.5,23.8,24.05,4744898,GT
2014-01-08,24.16,24.76,23.98,24.71,7159131,GT
2014-01-09,24.98,25.87,24.8,25.22,9064163,GT
2014-01-10,25.65,26.25,25.27,25.99,6500715,GT
2014-01-13,26.16,26.29,25.22,25.33,4648967,GT
2014-01-14,25.44,25.62,25.2,25.42,4035832,GT
2014-01-15,25.42,25.75,25.09,25.21,3474196,GT
2014-01-16,25.28,25.3,24.85,24.92,3138834,GT
2014-01-17,24.99,25.2,24.48,24.53,3839426,GT
2014-01-21,24.84,24.89,24.14,24.18,3732315,GT
2014-01-22,24.33,24.49,24.03,24.42,3062331,GT
2014-01-23,24.3,24.38,23.73,23.89,3129486,GT
2014-01-24,23.71,23.72,22.97,23.04,5982043,GT
2014-01-27,22.96,23.38,22.57,23.17,4330317,GT
2014-01-28,23.18,23.7,23.07,23.38,3277080,GT
2014-01-29,23.01,23.44,22.79,23.11,3989807,GT
2014-01-30,23.24,23.61,23.11,23.51,2902192,GT
2014-01-31,23.21,23.84,23.09,23.66,3856448,GT
2014-02-03,23.57,23.72,22.42,22.62,8198895,GT
2014-02-04,22.63,22.94,22.41,22.91,4190858,GT
2014-02-05,22.77,22.9,22.33,22.86,4396192,GT
2014-02-06,22.72,23.54,22.65,23.23,7112212,GT
2014-02-07,23.38,23.6,23.07,23.53,2743407,GT
2014-02-10,23.57,23.74,23.28,23.5,3366950,GT
2014-02-11,23.6,24.16,23.51,24.02,4532761,GT
2014-02-12,24.25,24.67,24.13,24.17,8679488,GT
2014-02-13,25.0,27.27,24.68,26.94,16956602,GT
2014-02-14,26.82,27.09,26.56,26.76,7460602,GT
2014-02-18,26.57,26.89,26.36,26.63,5216717,GT
2014-02-19,26.46,26.88,26.23,26.56,5016560,GT
2014-02-20,26.7,27.21,26.56,26.65,3897118,GT
2014-02-21,26.71,26.81,26.41,26.54,2478958,GT
2014-02-24,26.81,26.88,26.24,26.44,3276362,GT
2014-02-25,26.79,26.79,26.3,26.5,2557038,GT
2014-02-26,26.55,26.71,26.06,26.26,3965434,GT
2014-02-27,26.25,26.78,26.11,26.69,3769009,GT
2014-02-28,26.85,27.11,26.62,26.87,6604497,GT
2014-03-03,26.42,26.64,26.06,26.64,3345239,GT
2014-03-04,26.95,27.68,26.79,27.48,4798796,GT
2014-03-05,27.41,27.64,27.19,27.49,3392930,GT
2014-03-06,27.55,28.14,27.48,28.12,7222633,GT
2014-03-07,28.32,28.32,27.51,27.66,3190645,GT
2014-03-10,27.7,27.95,27.38,27.91,2620294,GT
2014-03-11,27.91,27.94,27.06,27.19,4554599,GT
2014-03-12,27.07,27.3,26.76,27.15,3556665,GT
2014-03-13,27.33,27.41,26.48,26.71,2541145,GT
2014-03-14,26.74,27.58,26.74,27.29,3097453,GT
2014-03-17,27.48,27.78,27.21,27.29,2117782,GT
2014-03-18,27.35,27.76,27.31,27.7,2131191,GT
2014-03-19,27.78,27.79,27.18,27.31,3881019,GT
2014-03-20,27.2,27.38,26.93,27.24,2966203,GT
2014-03-21,27.54,27.56,26.9,26.92,3563693,GT
2014-03-24,26.91,27.1,26.45,26.47,5708363,GT
2014-03-25,26.64,26.79,25.92,26.13,3259109,GT
2014-03-26,26.25,26.34,25.25,25.25,5607045,GT
2014-03-27,25.19,25.77,24.95,25.55,3641989,GT
2014-03-28,25.58,26.23,25.5,25.94,2380220,GT
2014-03-31,26.38,26.76,26.04,26.13,5061424,GT
2014-04-01,26.31,27.1,26.31,27.1,3949924,GT
2014-04-02,27.12,27.23,26.47,26.8,4073613,GT
2014-04-03,26.71,26.79,25.67,26.0,5722562,GT
2014-04-04,26.13,26.41,25.22,25.56,5446496,GT
2014-04-07,25.45,26.02,25.0,25.09,6215483,GT
2014-04-08,25.14,25.6,24.67,25.26,4629418,GT
2014-04-09,25.18,26.37,25.18,26.14,4339576,GT
2014-04-10,26.24,26.35,25.42,25.47,4810608,GT
2014-04-11,25.49,25.75,25.18,25.21,6398096,GT
2014-04-14,25.49,25.74,25.08,25.53,3132666,GT
2014-04-15,25.7,26.11,25.29,26.03,4777051,GT
2014-04-16,26.37,27.02,26.19,26.92,6679285,GT
2014-04-17,27.09,27.27,26.79,27.0,3661900,GT
2014-04-21,26.78,27.36,26.68,27.22,2534768,GT
2014-04-22,27.09,27.41,27.02,27.11,3036321,GT
2014-04-23,27.02,27.47,27.01,27.32,2222387,GT
2014-04-24,28.34,28.48,27.68,28.2,5004689,GT
2014-04-25,28.09,28.16,27.31,27.44,2962701,GT
2014-04-28,27.75,27.83,26.72,27.21,6142035,GT
2014-04-29,25.3,26.36,24.75,25.11,15544526,GT
2014-04-30,24.92,25.31,24.81,25.2,6906336,GT
2014-05-01,25.28,25.78,25.0,25.46,4938360,GT
2014-05-02,25.45,25.72,25.2,25.29,3390552,GT
2014-05-05,25.19,25.27,24.9,25.23,3165621,GT
2014-05-06,25.06,25.36,24.73,24.75,4849013,GT
2014-05-07,24.82,24.86,24.22,24.74,4316263,GT
2014-05-08,24.75,25.01,24.24,24.3,4067399,GT
2014-05-09,24.29,24.31,23.79,23.91,5997648,GT
2014-05-12,24.07,24.38,24.01,24.31,3032982,GT
2014-05-13,24.28,24.93,24.11,24.73,3494602,GT
2014-05-14,24.56,24.9,24.16,24.27,2689702,GT
2014-05-15,24.19,24.8,23.82,24.79,6018866,GT
2014-05-16,24.95,25.01,24.45,24.67,3377729,GT
2014-05-19,24.52,25.03,24.45,24.95,2566809,GT
2014-05-20,24.89,24.98,24.3,24.42,2604688,GT
2014-05-21,24.6,24.82,24.4,24.62,1956136,GT
2014-05-22,24.62,24.9,24.5,24.7,2342746,GT
2014-05-23,24.67,25.64,24.67,25.64,3993880,GT
2014-05-27,25.74,26.5,25.67,26.3,4448210,GT
2014-05-28,26.24,26.35,25.82,26.16,3563839,GT
2014-05-29,26.27,26.65,25.36,26.0,4359485,GT
2014-05-30,26.1,26.65,26.08,26.37,3927770,GT
2014-06-02,26.38,26.54,25.91,26.44,3417693,GT
2014-06-03,26.33,26.52,26.12,26.24,3165339,GT
2014-06-04,26.28,26.59,26.07,26.35,2657944,GT
2014-06-05,26.47,26.83,26.25,26.82,3389370,GT
2014-06-06,26.9,27.4,26.78,27.23,2721881,GT
2014-06-09,27.1,27.24,26.76,26.84,3046262,GT
2014-06-10,26.8,26.93,26.38,26.93,2774896,GT
2014-06-11,26.85,26.87,26.05,26.17,3403780,GT
2014-06-12,26.15,26.36,25.52,25.73,3782235,GT
2014-06-13,25.79,26.35,25.7,26.24,2965715,GT
2014-06-16,26.92,27.7,26.85,27.26,5821071,GT
2014-06-17,27.22,27.35,26.88,27.18,3521876,GT
2014-06-18,27.24,27.24,26.83,27.2,2603039,GT
2014-06-19,27.14,27.35,26.92,27.33,2233413,GT
2014-06-20,27.48,27.72,27.35,27.71,5000932,GT
2014-06-23,27.57,27.78,27.44,27.57,2332108,GT
2014-06-24,27.39,27.59,26.88,26.91,2596416,GT
2014-06-25,26.82,27.32,26.75,27.28,1902050,GT
2014-06-26,27.3,27.38,26.94,27.31,1454687,GT
2014-06-27,27.26,27.79,27.16,27.75,3954954,GT
2014-06-30,27.73,27.89,27.48,27.78,2463389,GT
2014-07-01,27.86,28.14,27.71,27.86,3083103,GT
2014-07-02,27.59,27.96,27.57,27.83,2341678,GT
2014-07-03,27.83,28.04,27.75,27.91,1361968,GT
2014-07-07,27.82,27.85,27.1,27.25,2394152,GT
2014-07-08,27.22,27.29,26.65,26.93,3059125,GT
2014-07-09,27.1,27.84,27.1,27.74,3888566,GT
2014-07-10,27.3,27.87,27.05,27.63,3797103,GT
2014-07-11,27.76,27.88,27.57,27.7,2174805,GT
2014-07-14,27.83,27.94,27.73,27.8,1892091,GT
2014-07-15,27.02,28.05,27.02,27.65,2211033,GT
2014-07-16,27.9,28.14,27.66,27.99,3045474,GT
2014-07-17,27.78,28.14,27.45,27.46,2720918,GT
2014-07-18,27.63,27.9,27.5,27.89,1901334,GT
2014-07-21,27.69,27.85,27.38,27.49,1921274,GT
2014-07-22,27.74,28.62,27.73,28.2,4064414,GT
2014-07-23,28.56,28.7,28.03,28.43,2406844,GT
2014-07-24,28.56,28.66,28.12,28.38,2561810,GT
2014-07-25,28.22,28.45,28.05,28.22,1403913,GT
2014-07-28,28.28,28.34,27.6,27.76,2463799,GT
2014-07-29,27.79,28.06,27.62,27.65,3321540,GT
2014-07-30,27.44,27.45,25.07,25.45,10017067,GT
2014-07-31,25.25,25.94,24.95,25.18,5579407,GT
2014-08-01,25.15,25.15,24.06,24.58,6507024,GT
2014-08-04,24.57,24.88,24.25,24.65,3640202,GT
2014-08-05,24.83,24.87,24.06,24.23,5095062,GT
2014-08-06,24.19,24.66,24.01,24.24,3810748,GT
2014-08-07,24.25,24.46,23.89,24.22,3559549,GT
2014-08-08,24.38,24.87,24.33,24.77,2831353,GT
2014-08-11,24.75,24.97,24.68,24.73,3284877,GT
2014-08-12,24.74,24.78,24.37,24.44,1903520,GT
2014-08-13,24.59,24.9,24.19,24.76,2757385,GT
2014-08-14,24.7,24.86,24.57,24.82,1497504,GT
2014-08-15,24.94,24.98,24.57,24.89,2466954,GT
2014-08-18,24.99,25.65,24.8,25.43,3155150,GT
2014-08-19,25.47,25.91,25.38,25.6,2906463,GT
2014-08-20,25.58,25.6,25.33,25.46,1280344,GT
2014-08-21,25.45,25.54,25.18,25.26,1561767,GT
2014-08-22,25.19,25.25,24.93,25.07,1948120,GT
2014-08-25,25.27,25.36,25.04,25.15,1553949,GT
2014-08-26,25.26,25.48,25.05,25.12,2319788,GT
2014-08-27,25.24,25.68,25.2,25.51,2596518,GT
2014-08-28,25.51,25.81,25.26,25.77,3036666,GT
2014-08-29,25.71,26.09,25.68,25.97,4582736,GT
2014-09-02,25.9,26.23,25.69,25.73,2894177,GT
2014-09-03,25.83,25.91,25.63,25.88,2216531,GT
2014-09-04,25.96,26.15,25.61,25.81,4304375,GT
2014-09-05,25.63,25.77,25.09,25.18,3720877,GT
2014-09-08,25.17,25.38,24.85,25.0,2706335,GT
2014-09-09,25.0,25.07,24.71,24.83,3617733,GT
2014-09-10,24.72,25.2,24.72,24.99,2958419,GT
2014-09-11,24.8,25.2,24.79,25.01,1890552,GT
2014-09-12,25.01,25.01,24.47,24.6,3509271,GT
2014-09-15,24.58,24.63,24.21,24.27,2366332,GT
2014-09-16,24.34,24.96,24.27,24.74,3177330,GT
2014-09-17,24.81,24.99,24.5,24.61,1649961,GT
2014-09-18,24.77,24.84,24.5,24.51,2520628,GT
2014-09-19,24.66,24.66,23.84,23.91,6927834,GT
2014-09-22,23.9,24.05,23.68,24.04,3763319,GT
2014-09-23,23.9,23.92,23.4,23.61,3521759,GT
2014-09-24,23.53,23.61,23.06,23.38,5089823,GT
2014-09-25,23.32,23.43,22.93,23.2,2947006,GT
2014-09-26,23.2,23.43,23.02,23.25,2423114,GT
2014-09-29,22.98,23.22,22.81,22.95,2677443,GT
2014-09-30,22.91,22.95,22.32,22.58,3903423,GT
2014-10-01,22.48,22.58,21.96,22.11,4888536,GT
2014-10-02,22.04,22.57,21.72,22.34,4624546,GT
2014-10-03,22.49,22.6,22.2,22.34,3943527,GT
2014-10-06,22.5,22.79,22.24,22.27,3048549,GT
2014-10-07,22.14,22.23,21.68,21.85,5468859,GT
2014-10-08,21.78,22.06,21.24,21.95,5099827,GT
2014-10-09,21.87,21.89,20.86,20.92,8311654,GT
2014-10-10,20.87,21.0,20.06,20.17,6328641,GT
2014-10-13,20.22,20.56,19.58,19.63,6665259,GT
2014-10-14,19.62,20.16,19.62,20.04,6882331,GT
2014-10-15,19.83,19.98,18.87,19.88,7839313,GT
2014-10-16,19.41,20.4,19.38,19.98,6257821,GT
2014-10-17,20.28,20.75,20.09,20.21,4839532,GT
2014-10-20,20.12,20.67,20.12,20.41,3812119,GT
2014-10-21,20.46,21.23,20.46,21.02,3779002,GT
2014-10-22,21.12,21.42,20.76,20.78,6915136,GT
2014-10-23,20.97,21.17,20.51,20.97,4210220,GT
2014-10-24,21.04,21.07,20.66,20.81,2714389,GT
2014-10-27,20.68,20.8,20.23,20.61,2994895,GT
2014-10-28,20.8,22.03,20.58,21.91,12466001,GT
2014-10-29,23.37,24.05,22.57,23.03,14080208,GT
2014-10-30,23.01,23.82,22.86,23.54,5445646,GT
2014-10-31,24.0,24.33,23.77,24.23,6606464,GT
2014-11-03,24.28,24.8,24.25,24.51,5139032,GT
2014-11-04,24.35,24.48,23.76,23.98,4933263,GT
2014-11-05,24.25,24.77,24.1,24.43,4811426,GT
2014-11-06,24.54,25.35,24.5,25.15,6928538,GT
2014-11-07,25.1,25.44,25.01,25.15,4269267,GT
2014-11-10,25.25,25.37,24.93,25.33,3186403,GT
2014-11-11,25.32,25.54,25.12,25.27,2501329,GT
2014-11-12,25.18,25.34,25.03,25.12,3036969,GT
2014-11-13,25.18,25.5,25.12,25.42,3536099,GT
2014-11-14,25.18,25.64,25.14,25.62,2742131,GT
2014-11-17,25.59,25.98,25.32,25.34,3815988,GT
2014-11-18,25.3,25.94,25.3,25.72,3373414,GT
2014-11-19,25.94,26.03,25.54,25.98,3658670,GT
2014-11-20,25.66,26.24,25.65,26.2,2529364,GT
2014-11-21,26.5,26.74,26.31,26.48,3098016,GT
2014-11-24,26.54,26.87,26.35,26.54,3283671,GT
2014-11-25,27.13,27.4,26.43,26.66,6022320,GT
2014-11-26,26.59,26.94,26.54,26.86,3545952,GT
2014-11-28,27.07,28.25,27.03,27.41,2875692,GT
2014-12-01,27.21,27.53,26.72,26.91,4213265,GT
2014-12-02,26.9,27.82,26.8,27.24,4338889,GT
2014-12-03,27.28,27.89,27.22,27.47,3758908,GT
2014-12-04,27.22,27.57,27.1,27.35,2187478,GT
2014-12-05,27.23,27.74,27.23,27.58,2470986,GT
2014-12-08,27.43,27.45,26.69,26.83,3193202,GT
2014-12-09,26.55,27.15,26.09,27.11,2427747,GT
2014-12-10,26.91,27.38,26.86,26.93,2940397,GT
2014-12-11,27.2,27.5,27.0,27.1,4367036,GT
2014-12-12,26.81,27.1,26.44,26.48,2504410,GT
2014-12-15,26.65,26.9,26.4,26.6,5345538,GT
2014-12-16,26.4,27.2,26.26,26.51,3563226,GT
2014-12-17,26.75,27.32,26.52,27.23,2941345,GT
2014-12-18,27.59,27.8,27.36,27.76,3835019,GT
2014-12-19,27.86,28.32,27.69,28.08,7215276,GT
2014-12-22,28.24,28.36,28.07,28.1,2753234,GT
2014-12-23,28.25,28.77,28.1,28.27,3323789,GT
2014-12-24,28.35,28.42,28.07,28.22,1136892,GT
2014-12-26,28.33,28.61,28.33,28.39,1196165,GT
2014-12-29,28.32,28.77,28.26,28.66,1951457,GT
2014-12-30,28.48,28.73,28.36,28.5,2281004,GT
2014-12-31,28.63,28.86,28.47,28.57,2243113,GT
2015-01-02,28.62,28.79,27.77,28.34,2781369,GT
2015-01-05,28.13,28.24,27.37,27.71,3584044,GT
2015-01-06,28.14,28.17,27.37,27.78,5554535,GT
2015-01-07,28.13,28.4,27.96,28.13,3515694,GT
2015-01-08,28.42,28.98,28.35,28.58,5743862,GT
2015-01-09,28.62,28.84,28.23,28.26,2409404,GT
2015-01-12,28.39,28.39,27.91,28.04,2539616,GT
2015-01-13,27.49,27.5,25.79,26.05,11507798,GT
2015-01-14,25.61,25.72,24.74,25.43,8578319,GT
2015-01-15,25.48,25.61,24.53,24.56,5606373,GT
2015-01-16,24.59,24.88,24.2,24.82,4811085,GT
2015-01-20,24.85,25.0,24.5,24.91,3233063,GT
2015-01-21,24.86,25.71,24.75,25.57,5009398,GT
2015-01-22,26.03,26.34,25.77,25.94,3568406,GT
2015-01-23,25.89,25.99,25.41,25.44,2299188,GT
2015-01-26,25.49,26.0,25.36,25.95,2744224,GT
2015-01-27,25.63,25.7,25.21,25.28,2695385,GT
2015-01-28,24.72,25.05,23.88,23.97,6182138,GT
2015-01-29,23.88,24.74,23.74,24.64,4448893,GT
2015-01-30,24.45,24.52,24.15,24.24,3913678,GT
2015-02-02,24.37,24.48,24.02,24.42,4228306,GT
2015-02-03,24.65,25.2,24.56,24.64,5492944,GT
2015-02-04,24.63,25.14,24.53,24.95,4371266,GT
2015-02-05,25.08,25.19,24.93,24.98,3148458,GT
2015-02-06,24.98,25.63,24.98,25.4,2735016,GT
2015-02-09,25.38,25.79,25.23,25.69,2921763,GT
2015-02-10,25.95,25.97,25.51,25.68,2557559,GT
2015-02-11,25.74,26.35,25.7,26.0,4545426,GT
2015-02-12,26.12,26.33,26.03,26.21,2704652,GT
2015-02-13,26.25,26.37,25.88,25.91,4375757,GT
2015-02-17,26.8,27.22,26.15,26.62,9232128,GT
2015-02-18,26.64,27.42,26.56,27.39,5042278,GT
2015-02-19,27.32,27.65,27.25,27.34,2840798,GT
2015-02-20,27.23,27.77,26.8,27.69,3689176,GT
2015-02-23,27.58,27.75,27.06,27.16,3484970,GT
2015-02-24,26.98,27.47,26.88,27.13,3769723,GT
2015-02-25,27.14,27.28,26.96,27.13,2302287,GT
2015-02-26,27.16,27.57,27.13,27.34,2291103,GT
2015-02-27,27.35,27.44,26.7,26.73,3976884,GT
2015-03-02,26.75,27.41,26.75,27.2,4063888,GT
2015-03-03,27.14,27.32,26.75,27.07,3279990,GT
2015-03-04,26.99,27.02,26.42,26.57,2892983,GT
2015-03-05,26.64,26.67,26.03,26.2,2785751,GT
2015-03-06,26.0,26.12,25.78,25.88,2636797,GT
2015-03-09,26.0,26.07,25.8,25.97,2274656,GT
2015-03-10,25.73,25.82,25.32,25.37,2587930,GT
2015-03-11,25.21,25.4,24.92,25.07,2700729,GT
2015-03-12,25.16,25.74,25.11,25.47,2513682,GT
2015-03-13,25.34,25.62,25.02,25.24,2331652,GT
2015-03-16,25.43,25.56,25.19,25.31,1631218,GT
2015-03-17,25.1,25.23,24.95,25.06,1974322,GT
2015-03-18,25.13,26.23,24.9,26.05,4813555,GT
2015-03-19,25.87,25.87,25.15,25.18,3335460,GT
2015-03-20,25.34,25.76,25.34,25.66,3921850,GT
2015-03-23,25.68,26.37,25.6,26.12,3437691,GT
2015-03-24,26.2,26.37,25.91,26.37,2116141,GT
2015-03-25,26.6,26.6,25.86,25.97,2945482,GT
2015-03-26,25.76,26.24,25.6,26.15,2560046,GT
2015-03-27,25.46,26.37,25.46,26.29,2027774,GT
2015-03-30,26.5,26.87,26.34,26.79,2182754,GT
2015-03-31,26.53,27.13,26.36,27.08,2696128,GT
2015-04-01,26.86,26.89,26.38,26.75,3201760,GT
2015-04-02,26.78,27.07,26.69,26.82,1487499,GT
2015-04-06,26.73,27.48,26.61,27.31,2473688,GT
2015-04-07,27.32,27.33,26.89,27.0,2206652,GT
2015-04-08,27.08,27.64,26.99,27.43,3037211,GT
2015-04-09,27.28,27.72,27.28,27.62,2515026,GT
2015-04-10,27.63,27.75,27.39,27.71,1761303,GT
2015-04-13,27.58,27.71,27.37,27.43,1990940,GT
2015-04-14,27.42,27.42,26.92,27.16,2686350,GT
2015-04-15,27.23,27.43,27.13,27.26,2112975,GT
2015-04-16,27.17,27.33,26.99,27.06,2289176,GT
2015-04-17,26.89,27.31,26.59,27.23,3845928,GT
2015-04-20,27.35,27.62,27.19,27.5,3094780,GT
2015-04-21,27.58,27.94,27.38,27.73,3296223,GT
2015-04-22,27.78,27.86,27.43,27.65,3460329,GT
2015-04-23,27.63,27.89,27.33,27.74,2191401,GT
2015-04-24,27.85,27.87,27.42,27.74,2292891,GT
2015-04-27,27.74,27.94,27.45,27.6,3209266,GT
2015-04-28,27.42,27.59,26.92,27.21,5695027,GT
2015-04-29,27.97,29.07,27.95,28.34,8287253,GT
2015-04-30,28.07,28.85,27.99,28.36,5226849,GT
2015-05-01,28.6,28.61,27.67,28.4,5319962,GT
2015-05-04,28.38,28.49,28.19,28.34,3581585,GT
2015-05-05,28.25,28.45,27.85,27.96,4083492,GT
2015-05-06,27.99,28.03,27.6,27.98,3907717,GT
2015-05-07,27.88,28.86,27.83,28.79,5237990,GT
2015-05-08,29.07,29.5,28.87,29.43,4593442,GT
2015-05-11,29.44,29.95,29.43,29.77,6242754,GT
2015-05-12,29.67,29.75,29.45,29.59,2807464,GT
2015-05-13,29.81,30.66,29.66,30.38,7812468,GT
2015-05-14,30.56,30.87,30.3,30.86,4487350,GT
2015-05-15,30.88,30.97,30.59,30.85,2906173,GT
2015-05-18,30.82,31.66,30.8,31.24,4537579,GT
2015-05-19,31.25,31.31,30.94,31.21,2111657,GT
2015-05-20,31.36,31.36,30.89,31.26,3820271,GT
2015-05-21,31.27,31.98,31.24,31.89,3938650,GT
2015-05-22,31.9,32.15,31.69,31.74,3509976,GT
2015-05-26,31.65,32.04,31.4,31.99,3795450,GT
2015-05-27,31.94,32.35,31.86,32.24,3933402,GT
2015-05-28,32.2,32.51,31.86,32.03,3035349,GT
2015-05-29,32.07,32.16,31.59,31.84,13800086,GT
2015-06-01,31.99,32.74,31.9,32.4,4989009,GT
2015-06-02,32.37,32.5,32.03,32.22,2911340,GT
2015-06-03,32.28,32.51,32.05,32.08,2488751,GT
2015-06-04,32.04,32.16,31.26,31.38,4738804,GT
2015-06-05,31.38,31.49,31.01,31.32,5252542,GT
2015-06-08,31.38,31.6,31.01,31.04,3365630,GT
2015-06-09,31.26,31.56,30.94,31.5,2998466,GT
2015-06-10,30.94,31.9,30.9,31.39,4042997,GT
2015-06-11,31.39,31.75,31.3,31.41,2859882,GT
2015-06-12,31.24,31.64,31.18,31.49,3080563,GT
2015-06-15,31.29,31.29,30.58,31.01,3771979,GT
2015-06-16,31.0,31.08,30.71,31.03,1818712,GT
2015-06-17,31.12,31.37,30.77,31.05,1781132,GT
2015-06-18,31.17,31.34,30.89,31.01,2927784,GT
2015-06-19,31.01,31.43,30.93,31.21,2979322,GT
2015-06-22,31.29,31.39,31.08,31.18,2109476,GT
2015-06-23,31.15,31.46,31.14,31.41,1851257,GT
2015-06-24,31.47,31.94,31.14,31.33,2458294,GT
2015-06-25,31.44,31.5,31.21,31.23,1884453,GT
2015-06-26,31.34,31.47,31.18,31.4,8074570,GT
2015-06-29,30.97,31.0,29.43,29.64,5633918,GT
2015-06-30,29.95,30.32,29.78,30.15,3709267,GT
2015-07-01,30.26,30.55,30.06,30.45,2702277,GT
2015-07-02,30.59,30.75,30.07,30.29,1948350,GT
2015-07-06,30.01,30.44,29.81,30.04,3010142,GT
2015-07-07,30.1,30.15,29.21,30.0,3200515,GT
2015-07-08,29.7,29.77,29.05,29.2,4088499,GT
2015-07-09,29.68,29.8,28.62,28.91,5138062,GT
2015-07-10,29.3,29.31,28.82,28.99,2997728,GT
2015-07-13,29.16,29.45,28.78,29.41,3897222,GT
2015-07-14,29.5,30.34,29.41,30.29,3645125,GT
2015-07-15,30.2,30.28,29.64,29.77,2776969,GT
2015-07-16,30.09,30.46,29.79,30.39,4491609,GT
2015-07-17,30.38,30.74,30.3,30.5,3901451,GT
2015-07-20,30.54,30.6,29.96,30.04,2311693,GT
2015-07-21,30.04,30.23,29.86,30.16,1995653,GT
2015-07-22,30.12,30.39,30.0,30.14,1738115,GT
2015-07-23,30.17,30.32,29.92,30.0,2393277,GT
2015-07-24,30.08,30.08,29.12,29.27,2958492,GT
2015-07-27,29.15,29.4,28.58,29.02,4560205,GT
2015-07-28,29.14,29.64,28.74,29.58,6816984,GT
2015-07-29,30.39,32.2,29.31,29.77,8178796,GT
2015-07-30,29.51,30.06,29.51,29.74,3642969,GT
2015-07-31,29.92,30.17,29.58,30.13,2666376,GT
2015-08-03,30.39,30.47,29.9,30.2,2390294,GT
2015-08-04,30.31,31.01,30.27,30.77,3749213,GT
2015-08-05,31.09,31.3,30.9,31.01,2691485,GT
2015-08-06,31.06,31.47,30.29,30.74,3787256,GT
2015-08-07,30.77,31.15,30.66,30.89,2842304,GT
2015-08-10,31.28,32.0,31.09,31.84,2701170,GT
2015-08-11,31.58,31.58,30.71,31.22,2928056,GT
2015-08-12,30.85,31.42,30.39,31.38,4992311,GT
2015-08-13,31.34,32.1,31.23,31.88,3033936,GT
2015-08-14,31.82,32.48,31.8,32.31,2842263,GT
2015-08-17,32.17,32.6,31.99,32.58,2307069,GT
2015-08-18,32.5,32.95,32.5,32.66,3193887,GT
2015-08-19,32.37,32.59,31.7,32.22,4169849,GT
2015-08-20,31.78,31.92,31.08,31.14,3343489,GT
2015-08-21,30.81,30.86,29.28,29.28,4878940,GT
2015-08-24,27.15,29.25,25.5,28.09,5904069,GT
2015-08-25,28.88,29.34,27.82,27.83,4491459,GT
2015-08-26,28.63,29.0,27.52,28.48,4509824,GT
2015-08-27,28.85,29.16,28.18,28.94,5982215,GT
2015-08-28,28.7,29.64,28.57,29.52,2801173,GT
2015-08-31,29.4,30.18,29.3,29.77,3436485,GT
2015-09-01,29.01,29.44,28.46,28.67,3070185,GT
2015-09-02,29.2,29.39,28.7,29.3,2959779,GT
2015-09-03,29.38,30.09,29.11,29.7,2852742,GT
2015-09-04,29.33,29.44,28.92,29.22,2099872,GT
2015-09-08,29.93,30.28,29.7,30.09,2881394,GT
2015-09-09,30.37,30.63,29.82,29.89,3297109,GT
2015-09-10,29.73,30.18,29.6,29.92,3129513,GT
2015-09-11,29.77,29.85,29.03,29.58,2794032,GT
2015-09-14,29.6,29.68,29.1,29.31,2512491,GT
2015-09-15,29.47,29.79,29.0,29.64,3364670,GT
2015-09-16,29.64,30.95,29.46,30.9,3745418,GT
2015-09-17,30.8,31.62,30.66,31.1,2988763,GT
2015-09-18,30.71,30.79,30.25,30.46,3758991,GT
2015-09-21,30.46,30.98,30.21,30.68,1942645,GT
2015-09-22,30.12,30.34,29.24,29.56,3743028,GT
2015-09-23,29.56,29.66,29.02,29.57,3041954,GT
2015-09-24,29.28,29.39,28.34,29.19,2862075,GT
2015-09-25,29.46,29.98,29.26,29.73,3449972,GT
2015-09-28,29.48,29.75,28.29,28.37,3178914,GT
2015-09-29,28.1,28.67,27.99,28.32,2881543,GT
2015-09-30,28.7,29.45,28.59,29.33,3945380,GT
2015-10-01,29.58,29.89,28.87,29.42,3638412,GT
2015-10-02,28.82,29.39,28.61,29.23,3132319,GT
2015-10-05,29.42,30.31,29.27,30.23,2967768,GT
2015-10-06,30.04,30.63,29.68,30.39,3132820,GT
2015-10-07,30.6,31.53,30.51,31.23,3502369,GT
2015-10-08,31.07,31.96,31.07,31.82,2781098,GT
2015-10-09,31.9,32.29,31.74,31.88,2307259,GT
2015-10-12,31.96,32.2,31.74,31.78,2193350,GT
2015-10-13,31.62,32.28,31.5,31.65,2699483,GT
2015-10-14,31.75,32.09,31.64,32.0,3935381,GT
2015-10-15,32.03,32.4,31.77,32.37,2631142,GT
2015-10-16,32.39,32.72,31.92,32.68,2368831,GT
2015-10-19,32.58,32.62,32.12,32.3,2169751,GT
2015-10-20,31.3,32.71,31.13,32.58,2577283,GT
2015-10-21,32.5,33.02,32.41,32.49,2682625,GT
2015-10-22,32.81,32.91,32.33,32.57,2623755,GT
2015-10-23,32.83,33.22,32.81,32.97,3381519,GT
2015-10-26,33.04,33.25,32.84,33.13,2235810,GT
2015-10-27,32.8,33.17,32.36,32.47,3638081,GT
2015-10-28,32.55,33.42,31.97,33.4,5293520,GT
2015-10-29,33.32,33.35,30.53,31.79,6483190,GT
2015-10-30,31.79,33.42,31.52,32.84,4503092,GT
2015-11-02,32.84,33.75,32.84,33.49,5129640,GT
2015-11-03,33.56,33.75,33.09,33.27,2895950,GT
2015-11-04,33.39,33.6,32.81,32.91,2949041,GT
2015-11-05,32.92,33.16,32.65,32.71,2555284,GT
2015-11-06,32.76,33.18,32.55,32.98,2593482,GT
2015-11-09,33.05,33.14,32.43,32.55,2338103,GT
2015-11-10,32.64,32.7,31.83,32.44,3130400,GT
2015-11-11,32.57,33.04,32.36,32.77,2489522,GT
2015-11-12,32.57,32.96,32.22,32.25,2295107,GT
2015-11-13,32.31,32.65,31.72,31.89,3032848,GT
2015-11-16,31.77,32.35,31.77,32.31,2626604,GT
2015-11-17,32.48,33.49,32.35,32.49,3693643,GT
2015-11-18,32.68,33.51,32.42,33.45,3968026,GT
2015-11-19,33.34,34.0,33.34,33.81,2974075,GT
2015-11-20,33.93,34.35,33.79,34.25,3330646,GT
2015-11-23,34.1,34.64,33.97,34.08,2606654,GT
2015-11-24,33.98,34.52,33.84,34.47,2061192,GT
2015-11-25,34.45,34.84,34.37,34.62,1589020,GT
2015-11-27,34.64,34.97,34.43,34.81,1023294,GT
2015-11-30,34.9,35.04,34.72,34.88,2148260,GT
2015-12-01,34.88,35.14,34.82,35.0,2913162,GT
2015-12-02,35.12,35.3,34.59,34.85,3313132,GT
2015-12-03,34.83,35.0,34.34,34.52,2778978,GT
2015-12-04,34.52,35.02,34.37,34.88,2328677,GT
2015-12-07,34.85,35.09,34.17,34.34,2302617,GT
2015-12-08,34.04,34.36,33.65,34.27,1966811,GT
2015-12-09,34.13,34.61,33.26,33.49,2949477,GT
2015-12-10,33.15,34.19,33.05,33.41,2430110,GT
2015-12-11,33.15,33.15,32.08,32.16,3910312,GT
2015-12-14,32.29,32.3,31.16,31.78,4176591,GT
2015-12-15,32.19,32.98,32.0,32.72,3794179,GT
2015-12-16,32.99,33.41,32.66,33.33,2718941,GT
2015-12-17,33.2,33.51,32.4,32.5,2067282,GT
2015-12-18,32.47,32.59,31.83,31.87,8378203,GT
2015-12-21,32.1,32.34,31.67,31.88,2184017,GT
2015-12-22,32.13,32.31,31.57,32.29,2752595,GT
2015-12-23,32.55,33.16,32.38,33.0,2386311,GT
2015-12-24,32.98,33.25,32.65,32.8,852826,GT
2015-12-28,32.66,32.79,32.3,32.73,1332413,GT
2015-12-29,32.89,33.43,32.88,33.26,1657227,GT
2015-12-30,33.24,33.47,33.07,33.3,1576925,GT
2015-12-31,33.17,33.23,32.56,32.67,2095397,GT
2016-01-04,32.01,32.39,31.04,32.01,3932179,GT
2016-01-05,31.97,32.02,30.65,30.7,4883989,GT
2016-01-06,30.19,30.44,29.76,30.35,4748462,GT
2016-01-07,29.53,29.76,28.56,28.71,4364512,GT
2016-01-08,29.01,29.17,28.03,28.14,4578411,GT
2016-01-11,28.39,28.72,27.95,28.59,4805876,GT
2016-01-12,29.16,29.59,28.15,29.12,5360756,GT
2016-01-13,29.28,29.44,27.48,27.69,6338773,GT
2016-01-14,27.71,28.79,26.68,28.41,5433363,GT
2016-01-15,27.48,27.75,27.01,27.55,4195763,GT
2016-01-19,28.05,28.13,27.03,27.57,3939532,GT
2016-01-20,26.97,28.44,26.47,27.92,5274013,GT
2016-01-21,28.04,28.65,27.63,27.92,4271758,GT
2016-01-22,28.56,29.5,27.83,28.49,5837692,GT
2016-01-25,28.33,28.42,27.46,27.81,2959034,GT
2016-01-26,28.02,29.09,27.82,28.79,3579800,GT
2016-01-27,28.67,29.72,28.39,28.55,3731943,GT
2016-01-28,29.08,29.39,27.71,27.76,4341055,GT
2016-01-29,27.86,28.59,27.62,28.41,5755533,GT
2016-02-01,28.26,29.15,27.83,28.96,4883643,GT
2016-02-02,28.66,28.85,28.25,28.46,3713684,GT
2016-02-03,28.7,28.83,26.66,27.91,5353212,GT
2016-02-04,27.95,28.29,27.4,27.61,5489602,GT
2016-02-05,27.6,28.33,27.12,27.19,4318786,GT
2016-02-08,26.9,27.06,26.07,26.34,7759742,GT
2016-02-09,27.23,28.68,26.32,27.45,8193228,GT
2016-02-10,28.2,29.37,28.08,28.58,7167473,GT
2016-02-11,27.98,29.08,27.7,28.61,4437287,GT
2016-02-12,29.13,30.12,28.64,29.69,5648775,GT
2016-02-16,30.13,30.4,29.41,30.35,4653964,GT
2016-02-17,30.57,31.08,30.38,30.78,3617690,GT
2016-02-18,30.81,31.0,30.11,30.23,2574616,GT
2016-02-19,29.92,30.0,29.18,29.61,4084843,GT
2016-02-22,29.92,30.29,29.49,29.9,3647077,GT
2016-02-23,29.8,30.3,29.44,29.57,3736125,GT
2016-02-24,29.27,29.51,28.54,29.42,3500577,GT
2016-02-25,29.61,29.95,29.21,29.95,2500331,GT
2016-02-26,30.16,30.5,29.83,30.25,3213864,GT
2016-02-29,30.17,30.72,30.07,30.12,3181913,GT
2016-03-01,30.67,31.28,30.6,31.23,3138354,GT
2016-03-02,31.08,31.5,31.02,31.41,2557718,GT
2016-03-03,31.28,32.17,31.11,32.07,3604062,GT
2016-03-04,31.78,32.55,31.56,32.53,3522163,GT
2016-03-07,32.25,32.69,32.22,32.47,3000161,GT
2016-03-08,32.15,32.49,31.87,32.23,4583365,GT
2016-03-09,32.45,32.79,32.3,32.47,2832222,GT
2016-03-10,32.5,32.69,31.72,31.9,3718185,GT
2016-03-11,32.22,33.04,32.01,33.03,2999125,GT
2016-03-14,32.81,33.0,32.22,32.41,3030268,GT
2016-03-15,32.26,32.78,31.93,32.73,3032286,GT
2016-03-16,32.64,33.17,32.56,33.07,3240897,GT
2016-03-17,32.82,33.11,32.55,32.56,3709220,GT
2016-03-18,32.5,32.8,32.32,32.41,7063344,GT
2016-03-21,32.25,32.91,32.23,32.79,2293948,GT
2016-03-22,32.74,32.98,32.48,32.76,2154841,GT
2016-03-23,32.67,32.73,32.2,32.21,2418853,GT
2016-03-24,32.0,32.35,31.72,32.18,1923199,GT
2016-03-28,32.18,32.27,31.86,32.0,1513387,GT
2016-03-29,31.8,32.74,31.73,32.62,2215907,GT
2016-03-30,32.86,33.33,32.57,32.77,2149844,GT
2016-03-31,32.72,33.04,32.6,32.98,3064153,GT
2016-04-01,32.67,32.83,32.22,32.49,2197631,GT
2016-04-04,32.37,32.45,31.28,31.39,2859726,GT
2016-04-05,31.14,31.51,30.81,31.25,4906217,GT
2016-04-06,31.27,31.33,30.82,31.22,3686322,GT
2016-04-07,31.75,31.8,30.98,31.14,4323352,GT
2016-04-08,31.41,31.5,30.74,30.96,2700280,GT
2016-04-11,31.17,31.6,31.02,31.11,2313452,GT
2016-04-12,31.12,31.51,30.93,31.23,2479471,GT
2016-04-13,31.49,32.24,31.32,32.11,3105873,GT
2016-04-14,32.12,32.28,31.77,31.94,1679907,GT
2016-04-15,31.99,32.04,31.53,32.0,2002481,GT
2016-04-18,31.78,32.28,31.78,31.99,1638406,GT
2016-04-19,32.22,32.6,31.81,32.15,2642268,GT
2016-04-20,32.15,32.54,32.05,32.3,1990148,GT
2016-04-21,32.31,32.63,32.09,32.29,1467350,GT
2016-04-22,32.28,32.56,32.09,32.38,2115602,GT
2016-04-25,32.38,32.38,31.88,32.22,1469161,GT
2016-04-26,32.23,32.92,32.13,32.78,2387490,GT
2016-04-27,29.67,31.14,29.47,30.34,12536367,GT
2016-04-28,30.02,30.68,29.76,29.89,4693294,GT
2016-04-29,29.74,29.94,28.52,28.97,6996833,GT
2016-05-02,29.21,29.21,28.56,28.77,4473499,GT
2016-05-03,28.42,28.58,27.74,28.43,3583812,GT
2016-05-04,28.15,28.29,27.6,27.73,6424962,GT
2016-05-05,27.99,28.18,27.68,27.89,4408929,GT
2016-05-06,27.81,28.21,27.63,28.19,4761796,GT
2016-05-09,28.29,28.62,28.17,28.18,3182465,GT
2016-05-10,28.3,28.63,28.24,28.41,2949832,GT
2016-05-11,28.39,28.66,27.94,27.95,2299735,GT
2016-05-12,28.06,28.49,27.8,27.99,2173549,GT
2016-05-13,27.85,28.41,27.59,27.65,2285880,GT
2016-05-16,27.75,28.0,27.46,27.56,3945145,GT
2016-05-17,27.45,27.96,27.33,27.49,3522971,GT
2016-05-18,27.44,27.83,27.19,27.41,2528831,GT
2016-05-19,27.19,27.42,26.85,27.06,3307153,GT
2016-05-20,27.25,27.63,27.07,27.17,2888306,GT
2016-05-23,27.2,27.35,26.84,26.93,2448350,GT
2016-05-24,27.42,27.99,27.19,27.89,3783600,GT
2016-05-25,27.96,28.12,27.53,27.59,4607836,GT
2016-05-26,27.56,27.79,27.37,27.37,2895582,GT
2016-05-27,27.4,27.8,27.4,27.79,2308147,GT
2016-05-31,27.91,28.05,27.79,27.97,3456037,GT
2016-06-01,27.78,27.9,27.19,27.38,3326448,GT
2016-06-02,27.38,27.74,27.32,27.49,1808243,GT
2016-06-03,27.32,27.37,26.71,27.12,2757435,GT
2016-06-06,27.01,27.17,26.74,27.16,3701739,GT
2016-06-07,27.19,27.6,27.04,27.34,2500618,GT
2016-06-08,27.3,28.01,27.25,27.92,3050111,GT
2016-06-09,27.92,27.95,27.48,27.74,2289588,GT
2016-06-10,27.44,27.78,27.25,27.42,3331700,GT
2016-06-13,27.38,27.43,27.0,27.01,2235719,GT
2016-06-14,27.0,27.07,26.38,26.6,2912342,GT
2016-06-15,26.62,27.27,26.51,26.83,2164470,GT
2016-06-16,26.6,27.13,26.28,27.08,2745074,GT
2016-06-17,26.98,27.38,26.89,27.35,3719209,GT
2016-06-20,27.72,28.07,27.53,27.56,2094895,GT
2016-06-21,27.54,27.54,27.06,27.23,2270867,GT
2016-06-22,27.21,27.59,27.01,27.2,2064403,GT
2016-06-23,27.42,27.72,27.32,27.41,2848875,GT
2016-06-24,26.12,26.51,25.53,25.57,6281881,GT
2016-06-27,25.21,25.21,24.4,24.53,5709726,GT
2016-06-28,24.7,25.34,24.65,25.26,3937172,GT
2016-06-29,25.22,25.61,25.22,25.43,3629784,GT
2016-06-30,25.56,25.66,25.17,25.66,4783626,GT
2016-07-01,25.71,26.52,25.7,25.9,3156770,GT
2016-07-05,25.75,25.78,24.85,24.93,3491319,GT
2016-07-06,24.84,25.27,24.31,25.25,3430518,GT
2016-07-07,25.29,25.85,25.29,25.62,2425022,GT
2016-07-08,25.89,26.74,25.89,26.53,4147540,GT
2016-07-11,26.71,27.12,26.59,26.66,2779748,GT
2016-07-12,26.94,27.6,26.9,27.11,4518790,GT
2016-07-13,27.14,27.28,26.52,26.58,4686770,GT
2016-07-14,26.91,27.0,26.51,26.64,3400561,GT
2016-07-15,26.73,26.73,26.36,26.52,2763995,GT
2016-07-18,26.52,26.61,26.26,26.52,2155651,GT
2016-07-19,26.48,26.69,26.37,26.53,2743914,GT
2016-07-20,26.59,26.8,26.49,26.63,1577232,GT
2016-07-21,26.7,27.15,26.7,27.08,2152508,GT
2016-07-22,26.95,27.11,26.7,27.05,1617216,GT
2016-07-25,27.04,27.43,26.87,27.01,2317649,GT
2016-07-26,27.11,28.01,26.86,27.91,5001603,GT
2016-07-27,28.82,29.49,28.6,29.09,8635814,GT
2016-07-28,28.81,28.83,28.31,28.74,3953517,GT
2016-07-29,28.69,29.09,28.51,28.67,2848949,GT
2016-08-01,28.65,28.84,28.43,28.78,3671027,GT
2016-08-02,28.6,28.71,27.54,27.57,4817165,GT
2016-08-03,27.54,27.97,27.53,27.92,3328013,GT
2016-08-04,27.94,28.5,27.94,28.15,3155198,GT
2016-08-05,28.34,28.72,28.2,28.23,1820968,GT
2016-08-08,28.3,28.5,28.03,28.13,1762720,GT
2016-08-09,28.09,28.35,27.95,27.96,1921980,GT
2016-08-10,28.04,28.16,27.7,28.05,2058045,GT
2016-08-11,28.34,29.56,28.31,29.53,5977066,GT
2016-08-12,29.49,29.49,29.01,29.3,4800041,GT
2016-08-15,29.23,29.54,29.21,29.44,2499559,GT
2016-08-16,29.31,29.42,28.85,28.85,1884328,GT
2016-08-17,28.82,29.16,28.3,28.63,2671036,GT
2016-08-18,28.58,29.35,28.58,29.12,3440967,GT
2016-08-19,28.95,29.42,28.95,29.18,2969192,GT
2016-08-22,29.19,29.29,28.95,29.28,1823380,GT
2016-08-23,29.42,29.56,29.2,29.42,2479268,GT
2016-08-24,29.42,29.56,29.31,29.43,1824762,GT
2016-08-25,29.34,29.4,29.14,29.16,1743309,GT
2016-08-26,29.24,29.45,28.85,29.01,1904191,GT
2016-08-29,28.91,29.17,28.85,28.93,1968258,GT
2016-08-30,29.03,29.45,28.93,29.06,2715799,GT
2016-08-31,29.01,29.45,29.01,29.35,2252475,GT
2016-09-01,29.36,29.72,29.01,29.2,3284334,GT
2016-09-02,29.4,29.75,29.14,29.73,1629898,GT
2016-09-06,30.6,31.4,30.55,31.16,5664968,GT
2016-09-07,31.11,31.28,30.92,31.0,3356033,GT
2016-09-08,30.84,31.44,30.82,31.32,4674162,GT
2016-09-09,31.02,31.26,30.26,30.26,4065226,GT
2016-09-12,30.12,31.44,30.01,31.31,4194606,GT
2016-09-13,31.0,31.55,30.72,31.06,4086838,GT
2016-09-14,30.98,31.18,30.69,30.81,4917180,GT
2016-09-15,32.29,32.7,31.7,32.39,8355174,GT
2016-09-16,32.26,32.55,31.82,32.42,6430748,GT
2016-09-19,32.6,32.85,32.09,32.22,3999463,GT
2016-09-20,32.27,32.5,31.63,31.91,3436225,GT
2016-09-21,31.87,32.19,31.53,32.05,3239463,GT
2016-09-22,32.23,32.59,32.12,32.42,2544160,GT
2016-09-23,32.29,32.57,32.24,32.3,2180459,GT
2016-09-26,32.11,32.24,31.67,31.74,2080691,GT
2016-09-27,31.7,31.96,31.55,31.9,2505808,GT
2016-09-28,31.9,32.85,31.89,32.82,4738085,GT
2016-09-29,32.68,32.82,31.47,31.73,4319669,GT
2016-09-30,32.0,32.45,31.72,32.3,3174365,GT
2016-10-03,32.26,32.59,32.21,32.51,3806800,GT
2016-10-04,32.54,32.79,32.11,32.23,2376437,GT
2016-10-05,32.5,32.98,32.27,32.66,2634464,GT
2016-10-06,32.37,32.96,32.25,32.86,2423846,GT
2016-10-07,32.99,33.06,32.61,32.83,2547496,GT
2016-10-10,32.9,33.33,32.46,32.5,1682665,GT
2016-10-11,32.47,32.73,31.87,32.15,3102544,GT
2016-10-12,32.23,32.37,31.86,31.92,2552799,GT
2016-10-13,31.55,31.88,31.36,31.66,2185864,GT
2016-10-14,31.93,32.05,31.25,31.25,2429377,GT
2016-10-17,31.17,31.3,30.87,31.09,3665201,GT
2016-10-18,31.47,31.48,30.96,31.11,2504344,GT
2016-10-19,31.08,32.32,31.08,32.22,3318757,GT
2016-10-20,32.08,32.22,31.64,31.74,2428744,GT
2016-10-21,31.56,31.83,31.21,31.6,1964471,GT
2016-10-24,31.77,32.11,31.7,31.72,2003623,GT
2016-10-25,31.55,31.7,30.98,31.12,2859779,GT
2016-10-26,31.04,31.5,31.02,31.21,2069511,GT
2016-10-27,31.34,31.53,30.74,31.08,3734965,GT
2016-10-28,27.54,28.91,26.82,28.29,12483756,GT
2016-10-31,28.39,29.41,28.39,29.03,4956323,GT
2016-11-01,29.02,29.27,27.5,27.94,5475099,GT
2016-11-02,28.0,28.24,27.76,27.9,4839735,GT
2016-11-03,27.89,28.29,27.75,27.91,2801558,GT
2016-11-04,27.93,28.27,27.78,27.79,3258167,GT
2016-11-07,28.25,28.31,27.97,28.08,2843863,GT
2016-11-08,27.99,28.55,27.65,28.44,2946344,GT
2016-11-09,27.8,28.42,27.59,28.23,4519448,GT
2016-11-10,28.44,29.61,28.19,29.3,6021782,GT
2016-11-11,29.21,29.47,29.02,29.25,2809986,GT
2016-11-14,29.31,30.32,29.31,30.15,4265182,GT
2016-11-15,30.95,31.21,30.15,30.99,4169484,GT
2016-11-16,30.81,30.86,30.42,30.48,3080937,GT
2016-11-17,30.47,30.61,30.15,30.57,2451174,GT
2016-11-18,30.87,30.87,30.1,30.14,2393563,GT
2016-11-21,30.1,30.37,29.75,29.92,3414514,GT
2016-11-22,30.31,30.55,29.79,30.47,3727637,GT
2016-11-23,30.5,31.04,30.41,30.92,2331953,GT
2016-11-25,31.06,31.44,30.99,31.16,1300856,GT
2016-11-28,31.0,31.19,30.55,30.75,2097615,GT
2016-11-29,30.95,31.35,30.6,31.14,2799736,GT
2016-11-30,31.15,31.17,30.57,30.69,3491525,GT
2016-12-01,30.75,31.64,30.5,30.52,3809252,GT
2016-12-02,30.55,30.91,29.75,29.77,2702343,GT
2016-12-05,29.95,30.44,29.77,30.14,2633634,GT
2016-12-06,30.22,30.27,29.56,29.98,5693398,GT
2016-12-07,30.06,31.6,30.01,31.46,5304338,GT
2016-12-08,31.31,31.96,31.15,31.89,2258633,GT
2016-12-09,31.76,32.27,31.5,32.18,2685804,GT
2016-12-12,33.0,33.04,32.25,32.45,4219628,GT
2016-12-13,32.58,33.36,32.58,33.21,3677089,GT
2016-12-14,33.01,33.11,32.41,32.44,4033726,GT
2016-12-15,32.4,33.08,31.91,32.99,2947055,GT
2016-12-16,32.99,33.24,32.27,32.34,4860244,GT
2016-12-19,32.45,32.48,31.76,32.03,3741670,GT
2016-12-20,32.17,32.47,31.94,32.13,2420608,GT
2016-12-21,32.16,32.3,31.99,32.06,2219237,GT
2016-12-22,32.2,32.2,31.4,31.5,1639141,GT
2016-12-23,31.56,31.8,31.38,31.64,1195631,GT
2016-12-27,31.69,31.97,31.69,31.89,847020,GT
2016-12-28,32.0,32.15,31.16,31.2,1373216,GT
2016-12-29,31.25,31.61,31.01,31.13,1185514,GT
2016-12-30,31.23,31.37,30.61,30.87,1929402,GT
2017-01-03,31.04,31.83,30.95,31.19,2704661,GT
2017-01-04,31.28,32.02,31.17,32.0,2897082,GT
2017-01-05,31.82,32.05,31.45,31.49,1971327,GT
2017-01-06,31.69,31.99,31.21,31.84,2152417,GT
2017-01-09,31.85,32.2,31.69,31.84,2779567,GT
2017-01-10,31.78,32.34,31.66,32.07,1923389,GT
2017-01-11,32.11,32.27,31.06,31.18,4825138,GT
2017-01-12,31.0,31.07,30.1,30.59,3285652,GT
2017-01-13,30.55,30.79,30.53,30.74,1597756,GT
2017-01-17,30.49,31.16,30.43,30.81,1914224,GT
2017-01-18,30.93,30.98,30.38,30.54,2443346,GT
2017-01-19,30.55,30.61,30.22,30.39,1892125,GT
2017-01-20,30.54,30.94,30.22,30.52,2043735,GT
2017-01-23,30.43,30.56,30.23,30.45,1768377,GT
2017-01-24,30.49,31.18,30.37,31.06,2572936,GT
2017-01-25,31.34,31.76,31.18,31.61,2357318,GT
2017-01-26,31.64,31.79,31.35,31.71,2285545,GT
2017-01-27,31.62,31.68,30.99,31.31,3371264,GT
2017-01-30,31.12,31.35,30.75,31.34,1809646,GT
2017-01-31,31.17,32.43,31.1,32.39,3114844,GT
2017-02-01,32.5,32.7,31.9,32.11,3357423,GT
2017-02-02,31.95,32.37,31.7,32.07,2486355,GT
2017-02-03,32.29,32.65,31.99,32.05,3934211,GT
2017-02-06,31.91,32.3,31.78,32.23,3087734,GT
2017-02-07,32.33,32.45,31.97,32.24,4740301,GT
2017-02-08,31.49,32.33,31.0,32.13,5598381,GT
2017-02-09,32.24,33.99,32.2,33.24,5420899,GT
2017-02-10,33.3,33.77,33.14,33.72,3790911,GT
2017-02-13,33.7,35.74,33.7,35.71,7320690,GT
2017-02-14,35.81,36.42,35.59,35.76,5830346,GT
2017-02-15,35.63,36.23,35.61,36.17,3146703,GT
2017-02-16,36.2,36.35,35.86,36.16,2092529,GT
2017-02-17,35.9,36.4,35.88,36.07,3857059,GT
2017-02-21,36.11,36.61,36.01,36.29,3242175,GT
2017-02-22,36.28,36.35,35.86,35.95,3738776,GT
2017-02-23,36.05,36.28,35.45,35.5,3742735,GT
2017-02-24,34.8,35.43,34.79,35.36,3232469,GT
2017-02-27,35.36,35.49,35.12,35.26,2559864,GT
2017-02-28,35.19,35.22,34.79,35.05,3594182,GT
2017-03-01,35.59,36.25,35.36,35.76,2543596,GT
2017-03-02,35.52,36.32,35.48,36.15,3613270,GT
2017-03-03,36.02,36.3,35.53,35.61,2308570,GT
2017-03-06,35.42,35.54,35.27,35.33,2053624,GT
2017-03-07,35.28,35.44,35.11,35.27,2120145,GT
2017-03-08,35.28,35.53,35.2,35.35,1738625,GT
2017-03-09,35.1,35.6,34.99,35.31,2067704,GT
2017-03-10,35.62,35.82,35.3,35.46,1498097,GT
2017-03-13,35.48,36.1,35.48,35.8,1962010,GT
2017-03-14,35.73,36.65,35.62,36.41,2869285,GT
2017-03-15,36.52,37.02,36.23,36.88,2677204,GT
2017-03-16,36.98,37.2,36.68,36.81,1921152,GT
2017-03-17,36.81,36.83,36.29,36.64,4092350,GT
2017-03-20,36.67,36.69,36.38,36.5,1512060,GT
2017-03-21,36.61,36.88,35.74,35.92,2692584,GT
2017-03-22,35.85,36.27,35.71,35.99,2998127,GT
2017-03-23,35.92,36.23,35.54,35.96,1837247,GT
2017-03-24,36.03,36.37,35.83,35.94,1914159,GT
2017-03-27,35.62,36.04,35.42,35.99,2174785,GT
2017-03-28,36.01,36.62,35.85,36.51,2161206,GT
2017-03-29,36.49,36.78,36.14,36.19,1843714,GT
2017-03-30,35.34,35.89,35.2,35.79,2703910,GT
2017-03-31,35.77,36.09,35.69,36.0,4146663,GT
2017-04-03,36.07,36.09,33.83,35.28,2725707,GT
2017-04-04,35.18,35.44,34.51,34.6,4227390,GT
2017-04-05,34.91,35.52,34.71,34.9,3589211,GT
2017-04-06,34.97,35.4,34.74,35.21,2736290,GT
2017-04-07,35.16,35.28,34.9,35.18,1884716,GT
2017-04-10,35.11,35.44,34.88,35.22,1898721,GT
2017-04-11,35.12,35.66,34.82,35.64,2346947,GT
2017-04-12,35.76,35.76,34.34,34.39,4098926,GT
2017-04-13,34.46,34.76,34.07,34.14,2800497,GT
2017-04-17,34.32,34.94,34.09,34.94,2256715,GT
2017-04-18,34.66,34.92,34.36,34.7,2149449,GT
2017-04-19,34.86,35.32,34.73,34.83,2248470,GT
2017-04-20,35.03,35.8,34.75,35.74,3778592,GT
2017-04-21,35.71,35.72,35.18,35.35,2651861,GT
2017-04-24,35.9,36.03,35.69,35.91,1576217,GT
2017-04-25,36.0,36.06,35.66,35.86,1862755,GT
2017-04-26,35.95,36.07,35.78,35.91,3099765,GT
2017-04-27,35.16,35.92,34.82,35.45,3874311,GT
2017-04-28,35.26,36.74,35.25,36.23,4335728,GT
2017-05-01,36.36,36.65,35.58,35.61,2348955,GT
2017-05-02,35.66,35.88,34.92,35.27,2783154,GT
2017-05-03,35.22,35.55,34.96,35.18,1759095,GT
2017-05-04,35.25,35.36,34.78,35.3,1590353,GT
2017-05-05,35.44,35.53,34.78,35.34,1799033,GT
2017-05-08,35.47,35.79,35.11,35.25,1231587,GT
2017-05-09,35.26,35.66,35.13,35.51,1600457,GT
2017-05-10,35.32,35.46,35.0,35.44,1616221,GT
2017-05-11,35.31,35.64,34.98,35.31,2234739,GT
2017-05-12,35.14,35.26,34.27,34.33,2236213,GT
2017-05-15,34.33,34.43,33.96,34.19,2797429,GT
2017-05-16,34.18,34.33,33.54,33.56,2432032,GT
2017-05-17,33.14,33.38,32.16,32.26,3698023,GT
2017-05-18,32.29,32.55,31.92,32.06,3528108,GT
2017-05-19,32.18,32.33,31.69,31.73,2632577,GT
2017-05-22,31.9,31.92,31.33,31.82,2735781,GT
2017-05-23,31.87,32.17,31.65,32.08,2940371,GT
2017-05-24,32.11,32.4,31.98,32.31,3054631,GT
2017-05-25,32.43,32.59,31.91,32.02,2849375,GT
2017-05-26,32.04,32.63,31.94,32.6,2950826,GT
2017-05-30,32.52,32.84,32.04,32.09,2377069,GT
2017-05-31,32.63,32.65,31.92,32.22,3317273,GT
2017-06-01,34.25,34.64,33.7,34.55,7619936,GT
2017-06-02,34.71,34.75,34.0,34.27,3733049,GT
2017-06-05,34.45,34.84,34.31,34.39,3062573,GT
2017-06-06,34.16,34.71,33.91,34.6,2150365,GT
2017-06-07,34.83,35.34,34.68,35.19,3440745,GT
2017-06-08,34.93,35.26,34.51,35.17,2812848,GT
2017-06-09,35.33,35.54,35.05,35.45,2291876,GT
2017-06-12,35.53,36.15,35.27,35.75,2350001,GT
2017-06-13,35.72,35.72,35.3,35.67,3176140,GT
2017-06-14,35.59,35.76,34.44,34.88,3564454,GT
2017-06-15,34.26,34.76,34.13,34.65,3165845,GT
2017-06-16,34.28,34.66,33.3,33.51,3816257,GT
2017-06-19,33.64,33.66,33.22,33.63,1793329,GT
2017-06-20,34.08,34.14,33.1,33.18,4239188,GT
2017-06-21,33.23,33.71,33.12,33.63,2667967,GT
2017-06-22,33.53,33.85,33.18,33.43,1665133,GT
2017-06-23,33.4,33.78,33.3,33.65,1878953,GT
2017-06-26,33.68,34.22,33.66,34.1,1888234,GT
2017-06-27,34.05,34.54,33.75,34.35,3180389,GT
2017-06-28,34.06,34.95,34.06,34.83,2718860,GT
2017-06-29,34.82,35.11,34.57,34.71,3040685,GT
2017-06-30,34.9,35.24,34.81,34.96,4047081,GT
2017-07-03,35.14,35.72,34.95,34.96,1532815,GT
2017-07-05,35.1,35.23,34.75,35.07,1968211,GT
2017-07-06,34.96,35.12,34.38,35.1,2035897,GT
2017-07-07,35.21,35.72,35.1,35.47,1663285,GT
2017-07-10,35.57,35.76,35.32,35.65,2612058,GT
2017-07-11,35.67,36.06,35.53,35.9,1946041,GT
2017-07-12,36.19,36.34,36.0,36.06,1789989,GT
2017-07-13,36.12,36.34,35.93,36.05,1483930,GT
2017-07-14,36.12,36.34,36.07,36.27,1141656,GT
2017-07-17,36.29,36.52,36.21,36.31,1360427,GT
2017-07-18,36.17,36.17,35.54,35.7,1700403,GT
2017-07-19,35.68,35.91,35.65,35.76,1340549,GT
2017-07-20,35.76,36.08,35.69,35.92,1600342,GT
2017-07-21,35.51,35.75,35.24,35.4,2405744,GT
2017-07-24,35.36,35.53,34.98,35.16,2004155,GT
2017-07-25,35.32,35.94,35.28,35.83,2079286,GT
2017-07-26,35.9,35.95,35.58,35.79,1784595,GT
2017-07-27,36.04,36.21,35.44,35.58,2686081,GT
2017-07-28,31.75,32.93,30.63,32.51,18004667,GT
2017-07-31,32.66,32.71,31.25,31.51,9644791,GT
2017-08-01,31.58,31.58,30.7,31.48,8138944,GT
2017-08-02,31.47,31.83,30.96,31.43,6237785,GT
2017-08-03,31.91,32.0,30.9,31.11,5755502,GT
2017-08-04,31.06,31.38,30.99,31.2,5078798,GT
2017-08-07,31.2,31.76,31.2,31.46,3855357,GT
2017-08-08,31.41,31.73,31.4,31.48,2459663,GT
2017-08-09,31.3,31.6,30.97,31.2,3843561,GT
2017-08-10,31.09,31.2,30.37,30.43,4102195,GT
2017-08-11,30.58,30.62,30.19,30.27,1891783,GT
