Date,Open,High,Low,Close,Volume,Name
2012-08-13,29.82,29.98,29.69,29.93,4441520,PPL
2012-08-14,29.91,29.98,29.67,29.74,3913438,PPL
2012-08-15,29.75,29.76,29.57,29.7,3715613,PPL
2012-08-16,29.75,29.82,29.47,29.5,3584501,PPL
2012-08-17,29.55,29.6,29.3,29.41,2321854,PPL
2012-08-20,29.41,29.5,29.31,29.49,2460758,PPL
2012-08-21,29.49,29.54,29.31,29.31,2309701,PPL
2012-08-22,29.3,29.39,29.18,29.29,3110836,PPL
2012-08-23,29.29,29.3,28.98,29.07,3293041,PPL
2012-08-24,29.07,29.32,29.01,29.28,2626519,PPL
2012-08-27,29.3,29.39,29.24,29.28,2195115,PPL
2012-08-28,29.23,29.34,29.16,29.3,3115261,PPL
2012-08-29,29.3,29.44,29.17,29.4,4523271,PPL
2012-08-30,29.31,29.39,29.26,29.36,10320755,PPL
2012-08-31,29.41,29.44,29.28,29.33,12371878,PPL
2012-09-04,29.31,29.64,29.25,29.61,12516558,PPL
2012-09-05,29.69,29.8,29.5,29.64,6017050,PPL
2012-09-06,29.41,29.41,29.15,29.21,5036891,PPL
2012-09-07,29.26,29.35,29.14,29.24,2542242,PPL
2012-09-10,29.34,29.34,29.13,29.13,2542100,PPL
2012-09-11,29.17,29.28,28.89,28.93,4499518,PPL
2012-09-12,28.93,29.04,28.78,28.81,3493066,PPL
2012-09-13,28.79,29.24,28.67,29.24,5597073,PPL
2012-09-14,29.25,29.27,28.99,29.07,5539730,PPL
2012-09-17,29.02,29.1,28.91,28.97,7807154,PPL
2012-09-18,28.89,29.01,28.8,28.83,3885452,PPL
2012-09-19,28.87,28.96,28.77,28.77,3362157,PPL
2012-09-20,28.72,28.81,28.58,28.7,4417648,PPL
2012-09-21,28.8,28.81,28.56,28.73,5636336,PPL
2012-09-24,28.8,29.17,28.7,29.07,5441160,PPL
2012-09-25,29.15,29.25,28.98,28.98,3523907,PPL
2012-09-26,29.03,29.2,28.87,28.87,5150558,PPL
2012-09-27,28.91,28.96,28.64,28.64,4101011,PPL
2012-09-28,28.62,29.09,28.55,29.05,5617890,PPL
2012-10-01,29.16,29.29,28.79,28.8,4003409,PPL
2012-10-02,28.93,29.04,28.78,28.96,2436434,PPL
2012-10-03,29.0,29.23,28.96,29.19,2763945,PPL
2012-10-04,29.17,29.44,29.13,29.36,2450935,PPL
2012-10-05,29.44,29.44,29.08,29.12,3351899,PPL
2012-10-08,29.09,29.24,29.0,29.24,3154233,PPL
2012-10-09,29.23,29.42,29.18,29.32,3402804,PPL
2012-10-10,29.34,29.37,29.16,29.3,4218994,PPL
2012-10-11,29.4,29.6,29.25,29.47,3407978,PPL
2012-10-12,29.57,29.68,29.38,29.44,3267644,PPL
2012-10-15,29.5,29.5,29.25,29.45,2764774,PPL
2012-10-16,29.52,29.65,29.36,29.52,3084997,PPL
2012-10-17,29.62,29.99,29.56,29.86,3459841,PPL
2012-10-18,29.88,30.18,29.87,30.15,3367375,PPL
2012-10-19,30.09,30.17,29.78,29.78,3157176,PPL
2012-10-22,29.7,29.91,29.57,29.74,2563391,PPL
2012-10-23,29.6,29.72,29.46,29.56,2318945,PPL
2012-10-24,29.61,29.77,29.31,29.37,2639649,PPL
2012-10-25,29.48,29.61,29.28,29.55,2354436,PPL
2012-10-26,29.58,29.63,29.39,29.49,2527033,PPL
2012-10-31,29.58,29.78,29.47,29.57,2663733,PPL
2012-11-01,29.67,29.75,29.33,29.43,3070973,PPL
2012-11-02,29.49,29.58,29.18,29.19,6638999,PPL
2012-11-05,29.07,29.15,28.75,28.78,4225563,PPL
2012-11-06,28.77,29.02,28.75,28.81,3722244,PPL
2012-11-07,28.69,28.75,28.16,28.3,5956502,PPL
2012-11-08,28.38,29.15,28.37,28.73,8071831,PPL
2012-11-09,28.61,28.9,28.52,28.68,5669128,PPL
2012-11-12,28.64,28.65,28.17,28.26,3075575,PPL
2012-11-13,28.2,28.59,28.12,28.32,3377031,PPL
2012-11-14,28.35,28.41,27.94,27.98,3770117,PPL
2012-11-15,27.98,28.16,27.74,27.95,4660258,PPL
2012-11-16,27.96,28.56,27.8,28.54,6214130,PPL
2012-11-19,28.67,28.68,28.22,28.37,4394835,PPL
2012-11-20,28.38,28.49,28.07,28.33,3145494,PPL
2012-11-21,28.36,28.38,28.01,28.23,3211463,PPL
2012-11-23,28.24,28.3,27.91,28.08,1765272,PPL
2012-11-26,28.12,28.57,28.1,28.44,3555839,PPL
2012-11-27,28.52,28.92,28.52,28.81,4263709,PPL
2012-11-28,28.81,28.94,28.71,28.94,2743633,PPL
2012-11-29,29.0,29.11,28.86,29.06,2682747,PPL
2012-11-30,29.02,29.39,29.0,29.35,3723156,PPL
2012-12-03,29.36,29.39,29.01,29.07,3752198,PPL
2012-12-04,29.12,29.19,28.91,28.96,2228947,PPL
2012-12-05,28.99,29.5,28.9,29.35,4057215,PPL
2012-12-06,29.07,29.09,28.85,29.0,4470707,PPL
2012-12-07,28.99,29.07,28.84,28.98,2793006,PPL
2012-12-10,28.95,29.12,28.9,29.0,2933583,PPL
2012-12-11,29.05,29.2,28.92,28.98,4181357,PPL
2012-12-12,29.01,29.29,28.96,29.06,5038347,PPL
2012-12-13,29.04,29.14,28.91,29.1,7284309,PPL
2012-12-14,29.06,29.1,28.71,28.79,3275038,PPL
2012-12-17,28.82,29.28,28.82,29.27,4340230,PPL
2012-12-18,29.32,29.54,29.21,29.45,7293476,PPL
2012-12-19,29.5,29.5,29.12,29.14,3172016,PPL
2012-12-20,29.23,29.26,28.97,29.11,3581370,PPL
2012-12-21,29.17,29.18,28.79,28.92,5617351,PPL
2012-12-24,28.88,28.96,28.7,28.92,1181203,PPL
2012-12-26,28.95,28.99,28.62,28.62,2540519,PPL
2012-12-27,28.57,28.69,28.22,28.52,3779317,PPL
2012-12-28,28.4,28.54,28.17,28.18,2425069,PPL
2012-12-31,28.11,28.65,28.04,28.63,3355670,PPL
2013-01-02,28.99,29.16,28.77,29.09,4729140,PPL
2013-01-03,29.14,29.34,29.08,29.2,3617197,PPL
2013-01-04,29.27,29.32,29.08,29.21,3768422,PPL
2013-01-07,29.14,29.21,28.87,28.92,4434212,PPL
2013-01-08,28.9,28.98,28.75,28.79,2926412,PPL
2013-01-09,28.98,29.04,28.82,28.96,3516240,PPL
2013-01-10,29.1,29.1,28.88,29.0,3478925,PPL
2013-01-11,29.14,29.14,28.83,28.95,2623535,PPL
2013-01-14,28.99,29.12,28.9,28.95,1932271,PPL
2013-01-15,28.86,28.96,28.81,28.91,4500606,PPL
2013-01-16,28.87,28.91,28.64,28.71,3153233,PPL
2013-01-17,28.78,29.12,28.77,28.99,3886186,PPL
2013-01-18,29.15,29.38,29.1,29.38,3679443,PPL
2013-01-22,29.38,29.73,29.23,29.6,4444948,PPL
2013-01-23,29.51,29.57,29.34,29.39,3971307,PPL
2013-01-24,29.42,29.58,29.37,29.51,3032128,PPL
2013-01-25,29.57,29.66,29.42,29.6,2901897,PPL
2013-01-28,29.6,29.63,29.36,29.6,2605525,PPL
2013-01-29,29.63,29.89,29.6,29.87,2665105,PPL
2013-01-30,29.9,29.91,29.66,29.8,4808694,PPL
2013-01-31,29.75,30.36,29.75,30.29,6009860,PPL
2013-02-01,30.42,30.55,30.3,30.37,5390282,PPL
2013-02-04,30.27,30.29,30.1,30.13,2605240,PPL
2013-02-05,30.21,30.32,30.13,30.16,2380332,PPL
2013-02-06,30.14,30.28,29.96,30.27,2222857,PPL
2013-02-07,30.24,30.38,30.14,30.3,2711679,PPL
2013-02-08,30.3,30.36,30.15,30.31,2188519,PPL
2013-02-11,30.32,30.43,30.22,30.39,1538325,PPL
2013-02-12,30.41,30.55,30.3,30.52,2468818,PPL
2013-02-13,30.53,30.6,30.37,30.47,2130457,PPL
2013-02-14,30.2,30.59,30.06,30.53,4259045,PPL
2013-02-15,30.6,30.6,30.33,30.41,4088983,PPL
2013-02-19,30.28,30.57,30.26,30.47,4615651,PPL
2013-02-20,30.4,30.73,30.39,30.48,2949659,PPL
2013-02-21,30.48,30.54,30.35,30.42,4274636,PPL
2013-02-22,30.56,30.79,30.54,30.79,9037043,PPL
2013-02-25,30.88,30.95,30.35,30.35,13138415,PPL
2013-02-26,30.45,30.68,30.31,30.5,13809155,PPL
2013-02-27,30.5,30.73,30.49,30.71,2600880,PPL
2013-02-28,30.7,30.93,30.62,30.82,6177739,PPL
2013-03-01,30.8,30.91,30.6,30.82,3608803,PPL
2013-03-04,30.78,31.07,30.7,31.05,3796761,PPL
2013-03-05,31.12,31.35,31.03,31.31,3398484,PPL
2013-03-06,31.04,31.04,30.66,30.77,3253977,PPL
2013-03-07,30.76,30.88,30.51,30.52,2523664,PPL
2013-03-08,30.56,30.73,30.36,30.64,3865501,PPL
2013-03-11,30.35,30.44,30.14,30.27,6987288,PPL
2013-03-12,30.3,30.49,30.24,30.39,3516945,PPL
2013-03-13,30.44,30.57,30.32,30.53,1966941,PPL
2013-03-14,30.56,30.56,30.18,30.21,5782253,PPL
2013-03-15,30.08,30.49,30.06,30.49,5699071,PPL
2013-03-18,30.36,30.36,30.14,30.17,2635285,PPL
2013-03-19,30.26,30.4,30.0,30.16,4307469,PPL
2013-03-20,30.25,30.42,30.19,30.26,3068843,PPL
2013-03-21,30.24,30.38,30.14,30.16,3894426,PPL
2013-03-22,30.16,30.21,29.99,30.09,4382939,PPL
2013-03-25,30.22,30.29,29.95,30.12,4156506,PPL
2013-03-26,30.22,30.6,30.13,30.59,3840449,PPL
2013-03-27,30.47,30.78,30.35,30.77,3512292,PPL
2013-03-28,30.8,31.35,30.75,31.31,7965442,PPL
2013-04-01,31.35,31.36,31.16,31.25,3314365,PPL
2013-04-02,31.32,31.38,31.04,31.16,3295906,PPL
2013-04-03,31.24,31.24,30.81,30.88,5029219,PPL
2013-04-04,30.88,31.3,30.86,31.29,3526841,PPL
2013-04-05,31.07,31.48,31.07,31.44,3822461,PPL
2013-04-08,31.42,31.67,31.2,31.67,3074471,PPL
2013-04-09,31.71,31.71,31.38,31.48,3597626,PPL
2013-04-10,31.54,31.89,31.5,31.66,4655670,PPL
2013-04-11,31.68,31.95,31.58,31.9,3447483,PPL
2013-04-12,31.89,32.03,31.85,31.99,2120839,PPL
2013-04-15,31.79,31.97,31.5,31.5,3033314,PPL
2013-04-16,31.6,31.92,31.37,31.86,3424946,PPL
2013-04-17,32.0,32.08,31.57,31.83,4012030,PPL
2013-04-18,31.91,32.11,31.85,32.06,3159882,PPL
2013-04-19,32.16,32.58,32.08,32.57,8732655,PPL
2013-04-22,32.58,32.69,32.33,32.54,3211507,PPL
2013-04-23,32.62,32.7,32.39,32.7,3855603,PPL
2013-04-24,32.7,32.93,32.52,32.8,2769689,PPL
2013-04-25,32.89,32.96,32.7,32.83,1950258,PPL
2013-04-26,32.8,33.15,32.77,33.03,3714462,PPL
2013-04-29,33.14,33.4,33.0,33.31,4451433,PPL
2013-04-30,33.3,33.38,33.2,33.38,3430041,PPL
2013-05-01,33.4,33.55,33.15,33.26,3440013,PPL
2013-05-02,33.28,33.39,32.54,32.94,6676860,PPL
2013-05-03,33.02,33.16,32.72,32.73,5796486,PPL
2013-05-06,32.65,32.74,31.95,31.98,4985033,PPL
2013-05-07,32.05,32.4,32.02,32.4,5016062,PPL
2013-05-08,32.34,32.49,31.86,31.99,4762196,PPL
2013-05-09,31.98,32.09,31.75,31.81,6104144,PPL
2013-05-10,31.8,31.88,31.34,31.84,5271336,PPL
2013-05-13,31.76,31.82,31.39,31.73,4812219,PPL
2013-05-14,31.79,32.0,31.72,31.88,4418584,PPL
2013-05-15,31.88,32.17,31.76,32.01,3446077,PPL
2013-05-16,31.92,32.08,31.83,31.94,3379277,PPL
2013-05-17,32.01,32.18,31.93,32.15,5675166,PPL
2013-05-20,32.15,32.22,31.78,31.81,4459736,PPL
2013-05-21,31.83,31.96,31.66,31.82,3897483,PPL
2013-05-22,31.77,31.97,31.17,31.27,5041682,PPL
2013-05-23,31.17,31.24,30.45,31.0,14222927,PPL
2013-05-24,30.88,30.98,30.53,30.59,12386840,PPL
2013-05-28,30.66,30.68,29.81,30.06,18021102,PPL
2013-05-29,29.89,30.17,29.52,30.04,8255786,PPL
2013-05-30,30.17,30.49,29.87,29.9,5239670,PPL
2013-05-31,29.82,30.22,29.7,29.7,6345998,PPL
2013-06-03,29.69,30.03,29.42,29.66,6511721,PPL
2013-06-04,29.66,29.79,29.5,29.7,5599588,PPL
2013-06-05,29.6,29.68,29.42,29.45,4462024,PPL
2013-06-06,29.12,29.42,29.02,29.4,5191057,PPL
2013-06-07,29.49,29.73,29.25,29.29,5672707,PPL
2013-06-10,29.38,29.47,29.12,29.13,6116101,PPL
2013-06-11,29.01,29.36,28.85,28.98,7847206,PPL
2013-06-12,29.12,29.12,28.45,28.45,6964059,PPL
2013-06-13,28.46,29.01,28.45,28.99,6441872,PPL
2013-06-14,28.87,29.26,28.87,29.13,5729247,PPL
2013-06-17,29.2,29.46,29.05,29.13,5287614,PPL
2013-06-18,29.18,29.61,29.1,29.46,8428740,PPL
2013-06-19,29.44,29.77,29.05,29.05,6960275,PPL
2013-06-20,28.88,28.93,28.44,28.52,6501291,PPL
2013-06-21,28.67,29.04,28.48,28.98,7593645,PPL
2013-06-24,28.76,29.28,28.5,29.08,4905405,PPL
2013-06-25,29.18,29.53,29.04,29.5,4994468,PPL
2013-06-26,29.74,29.9,29.55,29.71,4809700,PPL
2013-06-27,29.83,30.17,29.6,29.69,4537290,PPL
2013-06-28,30.3,30.43,29.75,30.26,10941466,PPL
2013-07-01,30.68,30.69,29.77,29.9,9934049,PPL
2013-07-02,29.88,30.22,29.68,29.75,9858447,PPL
2013-07-03,29.6,29.7,29.54,29.59,4405748,PPL
2013-07-05,29.56,29.61,29.03,29.35,13294573,PPL
2013-07-08,29.45,29.85,29.38,29.85,5423463,PPL
2013-07-09,29.94,30.08,29.79,29.9,4696344,PPL
2013-07-10,29.88,30.11,29.72,30.0,3904736,PPL
2013-07-11,30.25,30.41,30.11,30.41,3639489,PPL
2013-07-12,30.4,30.48,30.14,30.45,3392582,PPL
2013-07-15,30.37,30.97,30.31,30.89,3521150,PPL
2013-07-16,30.84,30.95,30.67,30.86,3469767,PPL
2013-07-17,30.99,31.18,30.92,31.08,3250585,PPL
2013-07-18,31.16,31.56,31.16,31.56,3846546,PPL
2013-07-19,31.59,31.68,31.38,31.55,3262116,PPL
2013-07-22,31.6,31.68,31.48,31.54,2467254,PPL
2013-07-23,31.54,31.68,31.36,31.61,2132628,PPL
2013-07-24,31.62,31.64,31.02,31.16,2514075,PPL
2013-07-25,31.0,31.29,30.98,31.26,3082112,PPL
2013-07-26,31.2,31.41,31.07,31.33,3291650,PPL
2013-07-29,31.25,31.72,31.24,31.69,3646990,PPL
2013-07-30,31.8,31.96,31.59,31.73,4101578,PPL
2013-07-31,31.68,31.78,31.3,31.77,5157061,PPL
2013-08-01,31.9,32.05,31.56,31.98,4393722,PPL
2013-08-02,32.0,32.03,31.77,31.93,2044581,PPL
2013-08-05,31.88,32.06,31.7,32.01,3543727,PPL
2013-08-06,31.96,31.96,31.57,31.66,3391972,PPL
2013-08-07,31.61,31.88,31.45,31.87,3008784,PPL
2013-08-08,32.02,32.09,31.7,31.85,3369003,PPL
2013-08-09,31.88,32.05,31.82,31.9,2855186,PPL
2013-08-12,31.81,31.85,31.58,31.73,2386458,PPL
2013-08-13,31.77,31.83,31.44,31.46,2317818,PPL
2013-08-14,31.43,31.43,31.12,31.29,3615097,PPL
2013-08-15,31.06,31.22,30.88,30.88,4239406,PPL
2013-08-16,30.84,30.97,30.45,30.55,4037606,PPL
2013-08-19,30.51,30.79,30.43,30.55,2894177,PPL
2013-08-20,30.48,30.93,30.48,30.75,3277279,PPL
2013-08-21,30.67,30.74,30.28,30.38,3520643,PPL
2013-08-22,30.39,30.75,30.29,30.56,15873070,PPL
2013-08-23,30.61,30.94,30.45,30.88,9605493,PPL
2013-08-26,30.92,30.99,30.58,30.63,3019057,PPL
2013-08-27,30.48,31.02,30.44,30.75,4864062,PPL
2013-08-28,30.81,31.14,30.67,31.04,4105825,PPL
2013-08-29,30.95,31.02,30.69,30.81,3060101,PPL
2013-08-30,30.85,31.03,30.59,30.7,5306149,PPL
2013-09-03,30.97,31.02,30.48,30.61,4371091,PPL
2013-09-04,30.54,30.83,30.41,30.72,3124019,PPL
2013-09-05,30.7,30.75,30.4,30.48,3316088,PPL
2013-09-06,30.09,30.41,30.04,30.07,4494292,PPL
2013-09-09,30.1,30.31,30.02,30.27,4663545,PPL
2013-09-10,30.34,30.4,30.11,30.34,3231091,PPL
2013-09-11,30.42,30.43,29.87,30.16,4962584,PPL
2013-09-12,30.22,30.35,29.91,29.94,2508157,PPL
2013-09-13,30.06,30.2,29.92,30.0,2585874,PPL
2013-09-16,30.23,30.42,29.86,29.92,4346247,PPL
2013-09-17,29.87,30.31,29.81,30.21,3141878,PPL
2013-09-18,30.23,31.12,30.06,30.94,5709772,PPL
2013-09-19,31.02,31.13,30.58,30.68,5924854,PPL
2013-09-20,30.61,30.7,30.11,30.11,9801147,PPL
2013-09-23,30.12,30.68,30.02,30.63,5296993,PPL
2013-09-24,30.67,30.9,30.64,30.76,4895247,PPL
2013-09-25,30.79,30.8,30.31,30.49,5870029,PPL
2013-09-26,30.49,30.74,30.36,30.47,3138077,PPL
2013-09-27,30.67,30.82,30.2,30.34,7053542,PPL
2013-09-30,30.2,30.52,30.18,30.38,5251686,PPL
2013-10-01,30.49,30.65,30.34,30.65,6443834,PPL
2013-10-02,30.61,30.76,30.48,30.69,6681457,PPL
2013-10-03,30.57,30.59,30.17,30.24,3645141,PPL
2013-10-04,30.21,30.31,30.05,30.13,3102569,PPL
2013-10-07,30.03,30.2,29.97,29.98,4009797,PPL
2013-10-08,29.98,30.32,29.93,30.03,6655595,PPL
2013-10-09,30.14,30.5,29.97,30.0,5609669,PPL
2013-10-10,30.13,30.56,29.91,30.53,5563826,PPL
2013-10-11,30.56,30.68,30.42,30.5,3614984,PPL
2013-10-14,30.35,30.4,29.87,30.16,6053000,PPL
2013-10-15,30.06,31.79,29.57,29.57,7152861,PPL
2013-10-16,29.75,29.84,29.55,29.79,5188357,PPL
2013-10-17,29.68,30.55,29.58,30.47,5513502,PPL
2013-10-18,30.43,30.54,30.28,30.3,5794332,PPL
2013-10-21,30.31,30.4,30.11,30.29,3862593,PPL
2013-10-22,30.4,30.76,30.28,30.57,4155283,PPL
2013-10-23,30.56,30.93,30.53,30.65,4691419,PPL
2013-10-24,30.6,30.75,30.55,30.6,3908204,PPL
2013-10-25,30.55,30.81,30.44,30.79,3269838,PPL
2013-10-28,30.8,30.93,30.64,30.78,3781319,PPL
2013-10-29,30.87,31.0,30.74,30.91,3397703,PPL
2013-10-30,30.96,31.06,30.7,30.77,3698907,PPL
2013-10-31,30.75,30.85,30.2,30.63,5554178,PPL
2013-11-01,30.68,30.89,30.52,30.73,3481354,PPL
2013-11-04,30.88,30.95,30.59,30.83,3110856,PPL
2013-11-05,30.78,30.82,30.4,30.4,5398692,PPL
2013-11-06,30.48,30.75,30.43,30.68,4946579,PPL
2013-11-07,30.82,31.2,30.57,30.66,6007417,PPL
2013-11-08,30.5,30.61,30.1,30.51,4550953,PPL
2013-11-11,30.56,30.61,30.3,30.48,2906937,PPL
2013-11-12,30.36,30.44,30.06,30.2,2841403,PPL
2013-11-13,30.02,30.34,29.91,30.33,3495030,PPL
2013-11-14,30.49,30.89,30.45,30.84,4468908,PPL
2013-11-15,30.85,31.08,30.74,31.08,4282429,PPL
2013-11-18,31.1,31.15,30.77,30.9,3570661,PPL
2013-11-19,30.89,30.92,30.53,30.68,3353250,PPL
2013-11-20,30.61,30.87,30.39,30.39,4321473,PPL
2013-11-21,30.4,30.66,30.27,30.57,4062303,PPL
2013-11-22,30.68,31.05,30.63,30.7,5171759,PPL
2013-11-25,30.71,30.86,30.62,30.72,3788284,PPL
2013-11-26,30.8,30.82,30.38,30.38,4797237,PPL
2013-11-27,30.33,30.54,30.2,30.5,3704708,PPL
2013-11-29,30.56,30.92,30.46,30.71,2671974,PPL
2013-12-02,30.71,30.74,30.32,30.42,4050806,PPL
2013-12-03,30.38,30.76,30.35,30.74,4586248,PPL
2013-12-04,30.65,30.86,30.52,30.85,3047998,PPL
2013-12-05,30.81,30.84,30.22,30.29,5291873,PPL
2013-12-06,30.05,30.25,29.75,29.98,7009954,PPL
2013-12-09,29.91,30.11,29.77,30.06,4170885,PPL
2013-12-10,30.09,30.14,29.6,29.64,4034316,PPL
2013-12-11,29.6,29.64,29.25,29.31,4398274,PPL
2013-12-12,29.35,29.54,29.25,29.27,3925432,PPL
2013-12-13,29.35,29.39,29.06,29.25,3881278,PPL
2013-12-16,29.39,29.61,29.31,29.41,2734520,PPL
2013-12-17,29.3,29.37,29.13,29.29,3681104,PPL
2013-12-18,29.34,29.69,28.95,29.68,4395665,PPL
2013-12-19,29.58,29.63,29.13,29.33,2959298,PPL
2013-12-20,29.42,29.74,29.41,29.68,5819595,PPL
2013-12-23,29.79,29.96,29.68,29.76,3308226,PPL
2013-12-24,29.78,29.93,29.63,29.86,1204469,PPL
2013-12-26,29.83,29.87,29.65,29.75,1758617,PPL
2013-12-27,29.84,29.9,29.67,29.85,1648464,PPL
2013-12-30,29.78,29.97,29.78,29.95,2155710,PPL
2013-12-31,29.95,30.18,29.85,30.09,2458751,PPL
2014-01-02,30.13,30.13,29.64,29.65,4663954,PPL
2014-01-03,30.02,30.06,29.4,29.62,4209477,PPL
2014-01-06,29.8,29.88,29.64,29.75,4406021,PPL
2014-01-07,29.78,29.94,29.65,29.92,4239220,PPL
2014-01-08,29.81,29.84,29.52,29.65,4464146,PPL
2014-01-09,29.7,29.76,29.58,29.7,5216716,PPL
2014-01-10,29.9,30.34,29.89,30.29,4978715,PPL
2014-01-13,30.15,30.31,29.98,30.14,3993333,PPL
2014-01-14,30.14,30.25,30.0,30.04,3381642,PPL
2014-01-15,30.01,30.07,29.68,29.69,6258532,PPL
2014-01-16,29.74,29.91,29.67,29.86,3883115,PPL
2014-01-17,29.94,29.98,29.59,29.59,4622554,PPL
2014-01-21,29.89,29.9,29.54,29.87,3750207,PPL
2014-01-22,29.91,30.2,29.84,30.15,4290506,PPL
2014-01-23,30.12,30.21,29.88,30.16,3415170,PPL
2014-01-24,30.05,30.37,29.86,29.87,3600159,PPL
2014-01-27,29.88,29.93,29.71,29.75,3256280,PPL
2014-01-28,29.8,30.1,29.72,30.06,4429043,PPL
2014-01-29,30.05,30.26,29.87,30.07,5098198,PPL
2014-01-30,30.13,30.46,30.0,30.39,3758631,PPL
2014-01-31,30.14,30.62,30.07,30.57,5802949,PPL
2014-02-03,30.9,30.92,30.41,30.49,5781499,PPL
2014-02-04,30.58,30.6,30.1,30.3,4714863,PPL
2014-02-05,30.23,30.28,30.04,30.11,3206449,PPL
2014-02-06,30.3,30.51,30.14,30.29,6233995,PPL
2014-02-07,30.34,30.42,30.16,30.34,5096609,PPL
2014-02-10,30.32,30.75,30.16,30.74,4019454,PPL
2014-02-11,30.7,31.17,30.7,31.08,4112251,PPL
2014-02-12,30.98,31.15,30.85,31.09,2565911,PPL
2014-02-13,30.98,31.42,30.97,31.37,3033469,PPL
2014-02-14,31.29,31.52,31.26,31.52,2922310,PPL
2014-02-18,31.67,31.89,31.59,31.78,3055769,PPL
2014-02-19,31.72,31.89,31.52,31.61,2783798,PPL
2014-02-20,31.64,31.92,31.62,31.79,3602678,PPL
2014-02-21,31.87,32.06,31.77,31.8,3096073,PPL
2014-02-24,31.91,32.14,31.8,31.81,3769520,PPL
2014-02-25,31.84,32.17,31.77,31.91,3684539,PPL
2014-02-26,31.98,32.19,31.92,32.14,4150038,PPL
2014-02-27,32.15,32.2,31.87,31.96,3871285,PPL
2014-02-28,32.1,32.32,32.02,32.29,3714688,PPL
2014-03-03,32.19,32.29,31.83,32.01,4450625,PPL
2014-03-04,32.21,32.39,32.12,32.31,4893264,PPL
2014-03-05,32.31,32.34,31.92,32.0,5041714,PPL
2014-03-06,31.64,31.69,31.23,31.37,4107706,PPL
2014-03-07,31.32,31.84,31.19,31.84,5294117,PPL
2014-03-10,31.8,31.9,31.62,31.73,4545103,PPL
2014-03-11,31.76,31.85,31.45,31.66,3275792,PPL
2014-03-12,31.63,32.19,31.62,32.19,4576013,PPL
2014-03-13,32.18,32.5,32.07,32.37,6479022,PPL
2014-03-14,32.29,32.9,32.24,32.77,5512811,PPL
2014-03-17,32.81,32.84,32.56,32.76,3326252,PPL
2014-03-18,32.74,32.89,32.63,32.8,3094261,PPL
2014-03-19,32.8,32.85,32.05,32.21,3701150,PPL
2014-03-20,32.19,32.22,31.8,32.21,4820666,PPL
2014-03-21,32.39,32.82,32.28,32.44,7408659,PPL
2014-03-24,32.49,32.7,32.34,32.37,4237718,PPL
2014-03-25,32.4,32.52,32.1,32.37,4544425,PPL
2014-03-26,32.42,32.68,32.3,32.41,4619333,PPL
2014-03-27,32.36,32.88,32.26,32.81,7333216,PPL
2014-03-28,32.75,33.0,32.64,32.98,2992229,PPL
2014-03-31,33.01,33.24,32.72,33.14,5860835,PPL
2014-04-01,33.24,33.24,32.71,32.77,5950513,PPL
2014-04-02,32.79,32.79,32.41,32.42,5216065,PPL
2014-04-03,32.5,32.61,32.32,32.47,3422940,PPL
2014-04-04,32.35,33.02,32.32,32.71,4423955,PPL
2014-04-07,32.75,33.3,32.67,32.8,4319758,PPL
2014-04-08,32.72,33.3,32.53,33.29,5328958,PPL
2014-04-09,33.31,33.35,32.75,33.03,5414165,PPL
2014-04-10,33.1,33.48,32.92,33.02,4595779,PPL
2014-04-11,33.0,33.22,32.58,32.6,7209730,PPL
2014-04-14,32.72,32.89,32.57,32.75,5754918,PPL
2014-04-15,32.84,33.34,32.81,33.21,6118242,PPL
2014-04-16,33.33,33.42,33.13,33.42,3152153,PPL
2014-04-17,33.33,33.54,33.04,33.14,4032422,PPL
2014-04-21,33.25,33.33,32.79,32.94,6312142,PPL
2014-04-22,32.9,33.01,32.77,32.94,5623084,PPL
2014-04-23,33.0,33.56,32.94,33.11,8970846,PPL
2014-04-24,33.29,33.57,33.13,33.39,4423339,PPL
2014-04-25,33.43,33.7,33.38,33.55,4409552,PPL
2014-04-28,33.55,33.86,33.43,33.63,5100182,PPL
2014-04-29,33.62,33.8,33.32,33.45,4397173,PPL
2014-04-30,33.44,33.94,33.22,33.34,10413385,PPL
2014-05-01,33.55,34.38,33.3,34.21,7339905,PPL
2014-05-02,33.95,34.43,33.7,33.8,6546083,PPL
2014-05-05,33.81,34.38,33.76,34.36,4760960,PPL
2014-05-06,34.19,34.44,34.0,34.2,5650102,PPL
2014-05-07,34.25,34.63,34.11,34.5,6865988,PPL
2014-05-08,34.56,34.56,34.0,34.07,3402827,PPL
2014-05-09,34.15,34.21,33.56,33.63,4107414,PPL
2014-05-12,33.75,33.75,33.0,33.11,4021384,PPL
2014-05-13,33.17,33.4,33.1,33.39,4329014,PPL
2014-05-14,33.43,33.65,33.26,33.55,3672793,PPL
2014-05-15,33.6,33.8,33.55,33.77,4942576,PPL
2014-05-16,33.81,34.15,33.6,34.14,7162668,PPL
2014-05-19,34.12,34.14,33.37,33.58,5953649,PPL
2014-05-20,33.57,33.78,33.2,33.27,3591562,PPL
2014-05-21,33.34,33.39,33.14,33.32,3288851,PPL
2014-05-22,33.42,33.67,33.36,33.57,4602971,PPL
2014-05-23,33.53,33.73,33.35,33.38,3982745,PPL
2014-05-27,34.01,34.46,33.95,34.34,8641036,PPL
2014-05-28,34.3,34.66,34.11,34.64,5846901,PPL
2014-05-29,34.78,34.87,34.4,34.78,4185300,PPL
2014-05-30,34.76,35.12,34.71,35.09,4455175,PPL
2014-06-02,34.99,35.06,34.72,34.78,2632788,PPL
2014-06-03,34.68,35.25,34.64,34.99,4625150,PPL
2014-06-04,34.86,34.96,34.69,34.86,2377764,PPL
2014-06-05,34.86,35.08,34.75,34.91,3959665,PPL
2014-06-06,34.57,34.78,34.53,34.66,4142028,PPL
2014-06-09,34.57,34.69,34.1,34.22,3480226,PPL
2014-06-10,34.97,35.18,34.67,34.69,7881306,PPL
2014-06-11,34.64,34.66,33.68,33.72,9112333,PPL
2014-06-12,33.79,33.82,33.16,33.52,7015917,PPL
2014-06-13,33.62,34.19,33.44,34.03,5573399,PPL
2014-06-16,33.95,34.58,33.92,34.27,4718970,PPL
2014-06-17,34.15,34.31,33.99,34.02,3921286,PPL
2014-06-18,34.03,34.72,34.0,34.69,4767808,PPL
2014-06-19,34.26,35.04,34.26,34.78,3966997,PPL
2014-06-20,34.84,34.93,34.58,34.62,3499074,PPL
2014-06-23,34.57,34.71,34.24,34.47,3128509,PPL
2014-06-24,34.4,34.7,34.39,34.51,3258548,PPL
2014-06-25,34.45,34.65,34.25,34.56,3545297,PPL
2014-06-26,34.58,34.79,34.46,34.76,3424634,PPL
2014-06-27,34.76,35.2,34.6,35.19,5910819,PPL
2014-06-30,35.26,35.56,35.01,35.53,4371788,PPL
2014-07-01,35.52,35.52,35.15,35.16,3515195,PPL
2014-07-02,35.08,35.09,34.16,34.33,4036038,PPL
2014-07-03,34.27,34.27,33.85,34.03,2643827,PPL
2014-07-07,33.99,34.26,33.89,34.08,2767804,PPL
2014-07-08,33.97,34.21,33.92,34.12,3555909,PPL
2014-07-09,34.22,34.28,33.81,34.0,4000338,PPL
2014-07-10,34.01,34.32,34.0,34.24,2183855,PPL
2014-07-11,34.19,34.31,33.71,33.83,3746049,PPL
2014-07-14,33.9,33.93,33.36,33.38,4006348,PPL
2014-07-15,33.37,33.66,33.34,33.53,3185517,PPL
2014-07-16,33.58,33.75,33.4,33.65,2933839,PPL
2014-07-17,33.58,33.66,33.32,33.33,2967956,PPL
2014-07-18,33.47,33.92,33.29,33.84,3992225,PPL
2014-07-21,33.63,33.81,33.45,33.77,4188575,PPL
2014-07-22,33.83,33.9,33.6,33.64,2746276,PPL
2014-07-23,33.67,33.77,33.56,33.67,2425683,PPL
2014-07-24,33.68,33.83,33.5,33.78,2255012,PPL
2014-07-25,33.76,33.92,33.37,33.43,1991176,PPL
2014-07-28,33.43,34.1,33.39,34.04,2866439,PPL
2014-07-29,34.13,34.13,33.69,33.7,2054243,PPL
2014-07-30,33.75,33.93,33.09,33.13,3400715,PPL
2014-07-31,33.06,33.51,32.65,32.99,4606066,PPL
2014-08-01,32.79,33.32,32.72,33.14,4099640,PPL
2014-08-04,33.2,33.25,32.37,33.04,6081839,PPL
2014-08-05,32.88,33.09,32.43,32.54,3742160,PPL
2014-08-06,32.4,32.48,31.79,31.94,8253502,PPL
2014-08-07,32.08,32.48,32.08,32.39,4657243,PPL
2014-08-08,32.54,33.03,32.54,33.0,9586935,PPL
2014-08-11,33.14,33.26,32.93,33.0,3247631,PPL
2014-08-12,33.01,33.32,32.91,33.14,3468404,PPL
2014-08-13,33.13,33.33,32.96,33.3,3977355,PPL
2014-08-14,33.31,33.7,33.31,33.68,2553962,PPL
2014-08-15,33.69,34.05,33.64,33.81,4376315,PPL
2014-08-18,33.85,33.95,33.51,33.65,2731734,PPL
2014-08-19,33.73,34.11,33.63,34.09,2940545,PPL
2014-08-20,34.12,34.16,33.86,34.08,2297572,PPL
2014-08-21,34.14,34.46,34.12,34.29,2420750,PPL
2014-08-22,34.31,34.46,33.98,34.17,2032617,PPL
2014-08-25,34.22,34.52,34.14,34.32,2213835,PPL
2014-08-26,34.43,34.55,33.88,33.93,2848935,PPL
2014-08-27,33.96,34.32,33.96,34.3,3132438,PPL
2014-08-28,34.2,34.52,34.14,34.45,1992219,PPL
2014-08-29,34.41,34.64,34.36,34.63,3737024,PPL
2014-09-02,34.53,34.72,34.09,34.27,3047718,PPL
2014-09-03,34.48,34.63,34.38,34.5,2080208,PPL
2014-09-04,34.38,34.54,34.2,34.43,3021544,PPL
2014-09-05,34.48,34.64,34.41,34.57,3983803,PPL
2014-09-08,34.22,34.22,33.5,33.7,4676247,PPL
2014-09-09,33.52,33.53,33.2,33.32,4914060,PPL
2014-09-10,33.25,33.3,32.81,32.97,5258341,PPL
2014-09-11,32.91,33.26,32.79,33.18,4664119,PPL
2014-09-12,33.03,33.06,32.52,32.63,3512933,PPL
2014-09-15,32.64,32.79,32.54,32.64,3044882,PPL
2014-09-16,32.56,33.51,32.53,33.5,5679168,PPL
2014-09-17,33.58,33.85,33.34,33.46,4436434,PPL
2014-09-18,33.46,33.52,33.1,33.28,4124118,PPL
2014-09-19,33.3,33.71,33.23,33.64,6848308,PPL
2014-09-22,33.54,33.54,33.15,33.32,2852458,PPL
2014-09-23,33.3,33.38,33.11,33.11,2890911,PPL
2014-09-24,33.15,33.18,32.61,32.78,4339766,PPL
2014-09-25,32.79,33.05,32.75,32.82,3949166,PPL
2014-09-26,32.88,32.91,32.41,32.72,2827895,PPL
2014-09-29,32.6,33.01,32.53,32.94,3131251,PPL
2014-09-30,33.02,33.34,32.74,32.84,4104485,PPL
2014-10-01,32.95,33.46,32.9,33.1,4962561,PPL
2014-10-02,33.09,33.35,33.02,33.15,3083510,PPL
2014-10-03,33.26,33.58,32.93,33.48,2498739,PPL
2014-10-06,33.5,33.63,33.26,33.47,1631442,PPL
2014-10-07,33.42,34.04,33.36,33.58,3699576,PPL
2014-10-08,33.65,34.3,33.6,34.27,3732975,PPL
2014-10-09,34.23,34.49,33.7,33.7,4823929,PPL
2014-10-10,33.78,34.31,33.68,33.78,4525667,PPL
2014-10-13,33.86,34.15,33.64,33.64,4435618,PPL
2014-10-14,33.81,34.18,33.37,33.59,9104216,PPL
2014-10-15,33.51,33.72,32.12,32.49,11683380,PPL
2014-10-16,32.12,33.16,32.09,33.05,6119889,PPL
2014-10-17,33.25,33.4,32.85,33.35,4779476,PPL
2014-10-20,33.4,33.95,33.36,33.94,3755219,PPL
2014-10-21,34.01,34.08,33.74,33.94,2934144,PPL
2014-10-22,34.0,34.51,33.97,34.36,4691019,PPL
2014-10-23,34.61,34.66,34.26,34.35,3650483,PPL
2014-10-24,34.32,34.6,34.22,34.53,2574692,PPL
2014-10-27,34.62,34.75,34.4,34.67,3109838,PPL
2014-10-28,34.7,34.83,34.4,34.83,3830823,PPL
2014-10-29,34.84,34.95,34.17,34.51,3254749,PPL
2014-10-30,34.57,34.98,34.47,34.82,7123681,PPL
2014-10-31,34.97,35.02,34.68,34.99,6488836,PPL
2014-11-03,35.02,35.25,34.89,35.14,4330297,PPL
2014-11-04,35.09,35.42,34.78,34.94,3270759,PPL
2014-11-05,35.4,36.42,35.23,36.39,11241702,PPL
2014-11-06,36.33,36.33,35.62,35.99,7681424,PPL
2014-11-07,36.0,36.51,35.91,36.51,4160527,PPL
2014-11-10,36.4,36.8,36.36,36.78,4310879,PPL
2014-11-11,36.73,36.81,36.46,36.57,3525628,PPL
2014-11-12,36.14,36.3,35.75,35.86,5611971,PPL
2014-11-13,35.92,36.18,35.63,35.71,3242153,PPL
2014-11-14,35.58,35.66,35.37,35.44,4887578,PPL
2014-11-17,35.43,35.72,35.29,35.64,4761490,PPL
2014-11-18,35.72,35.92,35.5,35.62,3325803,PPL
2014-11-19,35.52,35.61,35.26,35.39,4992997,PPL
2014-11-20,35.47,35.47,35.11,35.26,3921300,PPL
2014-11-21,35.63,35.63,35.2,35.51,4123439,PPL
2014-11-24,35.6,35.68,35.07,35.15,3401819,PPL
2014-11-25,35.24,35.27,34.85,35.2,3854039,PPL
2014-11-26,35.16,35.39,35.13,35.24,2872281,PPL
2014-11-28,35.39,35.73,35.27,35.53,1617999,PPL
2014-12-01,35.48,35.75,35.31,35.6,3185103,PPL
2014-12-02,35.54,35.9,35.36,35.88,4084071,PPL
2014-12-03,35.85,35.98,35.76,35.9,5829208,PPL
2014-12-04,35.85,36.06,35.53,35.63,4043372,PPL
2014-12-05,35.37,35.69,35.09,35.25,4084673,PPL
2014-12-08,34.93,35.38,34.93,35.22,3640179,PPL
2014-12-09,35.08,35.63,35.08,35.44,3633344,PPL
2014-12-10,35.45,35.7,34.95,34.98,3020454,PPL
2014-12-11,35.06,35.62,35.06,35.32,3282032,PPL
2014-12-12,35.21,35.51,34.99,35.02,3295039,PPL
2014-12-15,35.05,35.19,34.39,34.42,4226955,PPL
2014-12-16,34.48,34.83,34.11,34.2,4279504,PPL
2014-12-17,34.3,34.96,34.25,34.84,3930636,PPL
2014-12-18,35.07,35.87,34.93,35.86,5208962,PPL
2014-12-19,35.81,36.28,35.68,36.01,6722024,PPL
2014-12-22,36.46,36.47,35.65,36.02,3998593,PPL
2014-12-23,36.15,36.52,36.07,36.39,2607795,PPL
2014-12-24,36.38,37.17,36.38,36.99,2575272,PPL
2014-12-26,37.0,37.56,37.0,37.34,3879563,PPL
2014-12-29,37.35,38.14,37.35,37.94,3835450,PPL
2014-12-30,37.81,37.86,37.15,37.22,2369473,PPL
2014-12-31,37.27,37.34,36.28,36.33,3521842,PPL
2015-01-02,36.48,36.58,35.99,36.36,3770594,PPL
2015-01-05,36.14,36.32,35.27,35.52,5514405,PPL
2015-01-06,35.46,35.92,35.28,35.51,5248050,PPL
2015-01-07,35.58,35.89,35.36,35.67,4038485,PPL
2015-01-08,35.81,35.96,35.4,35.53,5508290,PPL
2015-01-09,35.65,35.7,35.3,35.35,4386803,PPL
2015-01-12,35.47,35.51,34.86,35.17,5063747,PPL
2015-01-13,35.42,35.68,34.73,34.8,10441475,PPL
2015-01-14,34.76,35.27,34.7,35.22,4437385,PPL
2015-01-15,35.28,35.46,35.1,35.32,4349861,PPL
2015-01-16,35.35,35.35,35.08,35.33,5238617,PPL
2015-01-20,35.5,35.63,35.31,35.59,3891959,PPL
2015-01-21,35.42,36.11,35.31,36.02,4304777,PPL
2015-01-22,36.23,36.26,35.36,35.7,4467190,PPL
2015-01-23,35.82,35.99,35.7,35.77,2914345,PPL
2015-01-26,35.64,35.72,35.32,35.71,2630719,PPL
2015-01-27,35.56,35.86,35.5,35.7,3168440,PPL
2015-01-28,35.53,36.02,35.43,35.52,5262096,PPL
2015-01-29,35.42,35.97,35.2,35.9,4269366,PPL
2015-01-30,35.77,35.95,35.43,35.5,5586958,PPL
2015-02-02,35.5,35.9,35.05,35.9,5087251,PPL
2015-02-03,35.86,36.38,35.65,36.38,5582323,PPL
2015-02-04,36.29,36.38,35.76,35.81,4131882,PPL
2015-02-05,36.14,36.74,35.94,36.32,3684203,PPL
2015-02-06,36.14,36.23,35.02,35.22,6803650,PPL
2015-02-09,35.1,35.27,34.52,34.65,6203877,PPL
2015-02-10,34.62,35.33,34.62,35.3,4114181,PPL
2015-02-11,35.06,35.14,34.55,34.73,4276519,PPL
2015-02-12,34.74,34.96,34.62,34.85,4995779,PPL
2015-02-13,34.73,34.83,34.27,34.69,5089693,PPL
2015-02-17,34.55,34.82,34.32,34.57,5520969,PPL
2015-02-18,34.53,35.46,34.5,35.42,5093665,PPL
2015-02-19,35.43,35.47,34.96,35.16,4823295,PPL
2015-02-20,35.14,35.2,34.49,34.98,5702468,PPL
2015-02-23,35.05,35.17,34.78,35.17,3273929,PPL
2015-02-24,35.11,35.48,35.0,35.25,3927163,PPL
2015-02-25,35.14,35.25,34.53,34.62,4316218,PPL
2015-02-26,34.7,34.76,34.14,34.28,4383894,PPL
2015-02-27,34.38,34.38,34.02,34.1,5347508,PPL
2015-03-02,34.03,34.09,33.18,33.4,6819707,PPL
2015-03-03,33.34,33.59,33.13,33.5,3845309,PPL
2015-03-04,33.38,33.38,32.98,33.25,3994705,PPL
2015-03-05,33.4,33.67,33.24,33.41,5565438,PPL
2015-03-06,32.56,32.56,31.6,31.74,7068037,PPL
2015-03-09,31.87,32.03,31.52,31.74,5303733,PPL
2015-03-10,31.64,32.05,31.52,31.63,4837670,PPL
2015-03-11,31.74,31.8,31.31,31.4,3259395,PPL
2015-03-12,31.63,32.03,31.6,31.91,4736114,PPL
2015-03-13,31.83,31.9,31.52,31.8,4314927,PPL
2015-03-16,31.93,32.49,31.93,32.3,3469228,PPL
2015-03-17,32.16,32.53,32.11,32.29,4188918,PPL
2015-03-18,32.3,34.23,32.22,34.05,12947149,PPL
2015-03-19,33.9,34.11,33.54,33.69,6104977,PPL
2015-03-20,33.9,34.47,33.83,34.36,10864069,PPL
2015-03-23,34.36,34.39,33.97,34.16,5230885,PPL
2015-03-24,34.22,34.37,33.74,33.81,5578635,PPL
2015-03-25,33.84,34.0,33.04,33.11,10860356,PPL
2015-03-26,33.03,33.41,32.93,33.02,4587998,PPL
2015-03-27,33.08,33.43,32.87,33.15,3026387,PPL
2015-03-30,33.26,33.65,32.99,33.56,4132879,PPL
2015-03-31,33.46,33.83,33.42,33.66,5808133,PPL
2015-04-01,33.23,33.74,32.84,33.67,5761411,PPL
2015-04-02,33.64,34.03,33.64,33.85,3347094,PPL
2015-04-06,33.95,34.6,33.9,34.38,4392246,PPL
2015-04-07,34.38,34.4,33.9,33.94,3165200,PPL
2015-04-08,34.02,34.15,33.72,34.08,3627637,PPL
2015-04-09,33.97,34.02,33.41,33.72,4498513,PPL
2015-04-10,33.76,34.17,33.72,34.05,4049985,PPL
2015-04-13,33.98,34.0,33.5,33.53,3315916,PPL
2015-04-14,33.69,33.93,33.56,33.86,2906817,PPL
2015-04-15,33.89,34.19,33.51,33.56,4991708,PPL
2015-04-16,33.55,33.55,33.06,33.46,4558424,PPL
2015-04-17,33.33,33.6,33.21,33.29,3044837,PPL
2015-04-20,33.38,33.9,33.38,33.8,3464693,PPL
2015-04-21,33.85,34.1,33.52,33.61,2479984,PPL
2015-04-22,33.67,34.05,33.5,33.97,4616926,PPL
2015-04-23,33.92,34.5,33.9,34.24,4247925,PPL
2015-04-24,34.23,34.72,34.1,34.58,4283569,PPL
2015-04-27,34.24,34.75,33.95,34.02,4333602,PPL
2015-04-28,33.9,34.38,33.81,34.37,3842616,PPL
2015-04-29,34.03,34.49,33.96,34.41,3669558,PPL
2015-04-30,34.36,34.49,33.81,34.03,5945518,PPL
2015-05-01,34.12,34.24,33.76,34.19,4769492,PPL
2015-05-04,34.22,34.73,34.14,34.45,3149382,PPL
2015-05-05,34.29,34.38,33.7,33.75,3719234,PPL
2015-05-06,33.7,33.84,32.92,33.38,5847838,PPL
2015-05-07,33.57,33.86,33.19,33.4,5431194,PPL
2015-05-08,33.99,34.24,33.68,33.9,5450945,PPL
2015-05-11,33.75,34.22,33.72,33.75,4233939,PPL
2015-05-12,33.58,33.76,33.37,33.64,4049335,PPL
2015-05-13,33.67,33.76,33.08,33.29,4229336,PPL
2015-05-14,33.42,33.68,33.36,33.58,3268525,PPL
2015-05-15,33.68,34.05,33.62,33.93,2926019,PPL
2015-05-18,33.76,34.33,33.68,34.28,3541493,PPL
2015-05-19,34.11,34.75,33.98,34.6,6574341,PPL
2015-05-20,34.63,35.09,34.52,34.85,4737496,PPL
2015-05-21,34.84,34.98,34.46,34.56,4573440,PPL
2015-05-22,34.44,34.61,34.13,34.42,3595871,PPL
2015-05-26,34.4,34.44,34.16,34.32,3781371,PPL
2015-05-27,34.46,34.77,34.38,34.67,3804131,PPL
2015-05-28,34.67,34.92,34.52,34.8,4345327,PPL
2015-05-29,34.75,34.9,34.58,34.71,3628440,PPL
2015-06-01,34.73,34.96,34.56,34.77,5041976,PPL
2015-06-02,32.35,32.42,31.65,31.81,10570457,PPL
2015-06-03,31.9,31.97,31.38,31.46,6317424,PPL
2015-06-04,31.42,31.69,31.37,31.45,5658197,PPL
2015-06-05,31.12,31.16,30.75,30.95,6069047,PPL
2015-06-08,30.52,30.57,30.1,30.12,7184711,PPL
2015-06-09,30.17,30.26,30.06,30.1,5471988,PPL
2015-06-10,30.34,30.48,30.14,30.22,5853134,PPL
2015-06-11,30.47,30.6,30.3,30.53,5840440,PPL
2015-06-12,30.4,30.51,30.12,30.15,3058482,PPL
2015-06-15,30.13,30.22,29.92,29.92,3994562,PPL
2015-06-16,29.92,30.13,29.75,30.03,5661950,PPL
2015-06-17,30.0,30.43,29.95,30.36,4897549,PPL
2015-06-18,30.37,30.96,30.36,30.82,4600812,PPL
2015-06-19,30.7,30.95,30.52,30.53,4645903,PPL
2015-06-22,30.89,30.93,30.54,30.61,3808281,PPL
2015-06-23,30.57,30.64,30.03,30.06,3933954,PPL
2015-06-24,30.06,30.21,29.72,29.72,4777101,PPL
2015-06-25,29.82,29.89,29.6,29.64,3430983,PPL
2015-06-26,29.63,29.92,29.51,29.75,4237350,PPL
2015-06-29,29.77,30.09,29.44,29.45,5166381,PPL
2015-06-30,29.58,29.6,29.33,29.47,6454162,PPL
2015-07-01,29.66,29.68,29.32,29.55,5556204,PPL
2015-07-02,29.75,30.0,29.6,29.8,5986652,PPL
2015-07-06,29.89,30.08,29.78,30.02,7680144,PPL
2015-07-07,30.13,31.05,30.13,30.93,7925509,PPL
2015-07-08,30.79,30.99,30.71,30.85,5764825,PPL
2015-07-09,30.98,31.07,30.52,30.64,4454061,PPL
2015-07-10,30.78,31.29,30.64,31.03,7854946,PPL
2015-07-13,31.16,31.2,30.82,30.97,3792067,PPL
2015-07-14,31.07,31.17,30.84,30.99,3470250,PPL
2015-07-15,30.99,31.23,30.77,31.23,4693796,PPL
2015-07-16,31.23,31.53,31.22,31.42,4679787,PPL
2015-07-17,31.36,31.36,31.09,31.1,3527441,PPL
2015-07-20,31.1,31.12,30.8,31.04,3179056,PPL
2015-07-21,30.9,31.04,30.8,30.9,3326839,PPL
2015-07-22,30.89,31.2,30.88,30.98,4076697,PPL
2015-07-23,30.95,30.98,30.56,30.71,4534805,PPL
2015-07-24,30.68,30.84,30.54,30.7,3662499,PPL
2015-07-27,30.74,31.21,30.73,31.06,3582124,PPL
2015-07-28,31.21,31.34,31.03,31.22,3603634,PPL
2015-07-29,31.15,31.3,31.01,31.3,3278647,PPL
2015-07-30,31.14,31.56,31.13,31.51,4286970,PPL
2015-07-31,31.75,32.08,31.74,31.81,3787922,PPL
2015-08-03,31.9,32.1,31.7,31.88,4393422,PPL
2015-08-04,31.77,31.85,31.48,31.53,2881189,PPL
2015-08-05,31.67,31.89,31.58,31.73,3036947,PPL
2015-08-06,31.75,32.13,31.45,32.09,3003308,PPL
2015-08-07,32.08,32.56,31.8,32.36,5414243,PPL
2015-08-10,32.32,32.67,32.32,32.41,3252762,PPL
2015-08-11,32.57,32.82,32.36,32.65,3975548,PPL
2015-08-12,32.54,33.28,32.52,33.25,6109166,PPL
2015-08-13,33.14,33.29,32.78,33.15,5110108,PPL
2015-08-14,33.15,33.44,32.93,33.36,2515550,PPL
2015-08-17,33.48,33.68,33.28,33.58,3477057,PPL
2015-08-18,33.51,33.55,33.29,33.43,3044144,PPL
2015-08-19,33.32,33.67,33.16,33.52,2775721,PPL
2015-08-20,33.3,33.83,33.2,33.37,3333836,PPL
2015-08-21,33.24,33.47,32.9,32.9,4152939,PPL
2015-08-24,31.89,32.47,31.2,31.37,7864001,PPL
2015-08-25,31.9,31.98,30.52,30.54,6983135,PPL
2015-08-26,30.94,31.39,30.5,31.28,6394328,PPL
2015-08-27,31.51,31.76,31.26,31.75,3617929,PPL
2015-08-28,31.72,31.74,30.92,31.37,4667047,PPL
2015-08-31,31.26,31.29,30.63,30.99,4989501,PPL
2015-09-01,30.6,30.67,29.82,30.0,6126570,PPL
2015-09-02,30.33,30.39,29.87,30.15,4539702,PPL
2015-09-03,30.25,30.48,30.07,30.26,3509490,PPL
2015-09-04,30.0,30.06,29.58,29.67,4138466,PPL
2015-09-08,29.71,29.9,29.52,29.88,5835379,PPL
2015-09-09,30.0,30.05,29.35,29.41,5542605,PPL
2015-09-10,29.43,29.82,29.4,29.52,4946652,PPL
2015-09-11,29.39,29.67,29.18,29.67,3738290,PPL
2015-09-14,29.71,30.08,29.69,29.85,4726980,PPL
2015-09-15,29.91,30.12,29.68,30.08,3395307,PPL
2015-09-16,30.13,30.46,30.1,30.33,3729488,PPL
2015-09-17,30.36,31.14,30.27,30.8,4949018,PPL
2015-09-18,30.66,31.23,30.66,30.96,7135410,PPL
2015-09-21,31.06,31.34,31.01,31.33,4777432,PPL
2015-09-22,31.19,31.33,30.79,31.04,6584108,PPL
2015-09-23,31.11,31.19,30.86,31.08,3179107,PPL
2015-09-24,30.96,31.7,30.92,31.58,5722119,PPL
2015-09-25,31.61,32.18,31.42,31.97,4284034,PPL
2015-09-28,32.06,32.23,31.81,31.9,7471689,PPL
2015-09-29,31.95,32.3,31.91,32.21,6496501,PPL
2015-09-30,32.35,32.91,32.28,32.89,5780415,PPL
2015-10-01,33.0,33.0,32.22,32.6,8027356,PPL
2015-10-02,32.77,33.12,32.53,33.04,7268737,PPL
2015-10-05,33.18,33.54,33.0,33.48,5860892,PPL
2015-10-06,33.47,33.5,32.9,33.06,5033590,PPL
2015-10-07,33.07,33.15,32.49,32.63,7014159,PPL
2015-10-08,32.56,33.13,32.43,33.09,6386393,PPL
2015-10-09,33.03,33.16,32.91,33.03,5289939,PPL
2015-10-12,33.03,33.49,33.03,33.42,4200141,PPL
2015-10-13,33.35,33.57,33.18,33.43,5378515,PPL
2015-10-14,33.46,33.81,33.39,33.68,3915779,PPL
2015-10-15,33.81,34.31,33.64,34.19,4655480,PPL
2015-10-16,34.37,34.55,34.18,34.46,4365229,PPL
2015-10-19,34.23,34.46,34.01,34.29,4629709,PPL
2015-10-20,34.17,34.44,34.02,34.28,3590575,PPL
2015-10-21,34.43,34.57,34.16,34.25,2871255,PPL
2015-10-22,34.34,34.92,34.29,34.75,3655765,PPL
2015-10-23,34.67,34.69,34.05,34.18,3120140,PPL
2015-10-26,34.24,34.33,33.9,34.33,3262703,PPL
2015-10-27,34.19,34.35,34.07,34.3,2962738,PPL
2015-10-28,34.34,34.47,33.13,33.42,7043180,PPL
2015-10-29,33.8,33.93,33.0,33.79,6995563,PPL
2015-10-30,33.94,34.48,33.82,34.4,5510580,PPL
2015-11-02,34.33,34.48,33.83,34.15,5790568,PPL
2015-11-03,34.1,34.38,33.89,34.35,3133940,PPL
2015-11-04,34.29,34.6,34.27,34.52,3289385,PPL
2015-11-05,34.46,34.6,34.22,34.22,2176420,PPL
2015-11-06,33.61,33.74,32.78,33.08,6791690,PPL
2015-11-09,32.99,33.17,32.62,33.05,3385451,PPL
2015-11-10,33.07,33.37,33.04,33.28,3425119,PPL
2015-11-11,33.44,34.05,33.38,33.99,4460257,PPL
2015-11-12,33.86,34.29,33.29,33.31,7289986,PPL
2015-11-13,33.37,33.7,32.97,33.06,4432166,PPL
2015-11-16,33.12,34.04,33.1,34.03,4382492,PPL
2015-11-17,33.91,34.17,33.25,33.37,3353323,PPL
2015-11-18,33.4,33.71,33.0,33.62,3652759,PPL
2015-11-19,33.74,34.17,33.72,34.11,4281058,PPL
2015-11-20,34.33,34.8,34.18,34.5,6515061,PPL
2015-11-23,34.93,35.0,33.85,33.97,4437454,PPL
2015-11-24,33.78,33.98,33.48,33.93,4136236,PPL
2015-11-25,33.91,33.93,33.42,33.65,3172823,PPL
2015-11-27,33.65,33.79,33.58,33.65,2026428,PPL
2015-11-30,33.72,34.31,33.64,34.04,6321625,PPL
2015-12-01,34.2,34.34,33.82,34.2,7239019,PPL
2015-12-02,34.04,34.15,33.09,33.18,5805824,PPL
2015-12-03,33.02,33.18,32.85,33.01,5776485,PPL
2015-12-04,33.14,33.8,33.14,33.74,5229244,PPL
2015-12-07,33.62,33.8,33.26,33.57,6527120,PPL
2015-12-08,33.12,33.22,32.95,33.11,4660115,PPL
2015-12-09,32.97,33.68,32.94,33.43,4937034,PPL
2015-12-10,33.36,33.41,32.87,32.93,3079919,PPL
2015-12-11,32.73,33.02,32.57,32.71,3855330,PPL
2015-12-14,32.65,32.89,32.36,32.77,3998571,PPL
2015-12-15,32.87,33.35,32.81,33.26,3952696,PPL
2015-12-16,33.39,33.91,33.35,33.83,5380130,PPL
2015-12-17,33.81,34.1,33.55,33.92,3339317,PPL
2015-12-18,33.83,33.86,33.24,33.64,6779605,PPL
2015-12-21,33.73,33.84,33.27,33.38,3737429,PPL
2015-12-22,33.48,33.91,33.15,33.81,4702863,PPL
2015-12-23,33.97,34.4,33.95,34.24,3840121,PPL
2015-12-24,34.16,34.42,34.1,34.26,1269091,PPL
2015-12-28,34.11,34.3,34.02,34.14,2733703,PPL
2015-12-29,34.34,34.48,34.24,34.44,2857917,PPL
2015-12-30,34.45,34.47,34.16,34.34,2568092,PPL
2015-12-31,34.39,34.39,33.75,34.13,3044711,PPL
2016-01-04,33.9,33.93,33.37,33.68,5084831,PPL
2016-01-05,33.69,34.1,33.23,34.04,5068774,PPL
2016-01-06,33.77,34.13,33.64,33.93,4119091,PPL
2016-01-07,33.67,33.83,33.42,33.54,3897710,PPL
2016-01-08,33.57,33.82,33.32,33.39,5717778,PPL
2016-01-11,33.59,34.01,33.45,33.89,5937826,PPL
2016-01-12,33.99,33.99,33.26,33.55,5806414,PPL
2016-01-13,33.62,33.84,33.4,33.5,4959880,PPL
2016-01-14,33.55,34.41,33.23,34.16,6294425,PPL
2016-01-15,33.61,33.99,32.97,33.29,6183462,PPL
2016-01-19,33.55,33.76,33.26,33.63,6161424,PPL
2016-01-20,33.4,33.55,32.18,32.8,8370074,PPL
2016-01-21,32.9,33.31,32.62,33.23,5108893,PPL
2016-01-22,33.46,34.1,33.24,34.01,4789717,PPL
2016-01-25,33.98,34.17,33.71,33.76,4347453,PPL
2016-01-26,33.8,34.29,33.66,33.83,4058153,PPL
2016-01-27,33.71,34.11,33.54,33.84,3897791,PPL
2016-01-28,33.84,34.55,33.6,34.32,3880662,PPL
2016-01-29,34.69,35.15,34.5,35.06,5205879,PPL
2016-02-01,35.15,36.1,35.08,35.92,10277582,PPL
2016-02-02,35.57,36.57,35.52,36.37,8665069,PPL
2016-02-03,36.47,37.05,36.36,36.69,7881371,PPL
2016-02-04,36.37,37.23,35.9,36.66,8211974,PPL
2016-02-05,36.32,36.55,35.85,36.16,7604234,PPL
2016-02-08,35.77,36.41,35.62,35.99,5758073,PPL
2016-02-09,35.97,36.55,35.75,36.13,4943124,PPL
2016-02-10,36.02,36.47,35.61,36.27,4497965,PPL
2016-02-11,36.1,36.35,35.81,35.9,4423488,PPL
2016-02-12,35.95,36.05,35.53,35.74,4555340,PPL
2016-02-16,35.91,36.25,35.6,36.03,4780561,PPL
2016-02-17,36.1,36.2,35.79,35.99,3540083,PPL
2016-02-18,36.06,36.65,35.93,36.52,3729118,PPL
2016-02-19,36.51,36.53,36.06,36.26,5287347,PPL
2016-02-22,36.28,36.35,35.5,36.0,6802136,PPL
2016-02-23,36.0,36.36,35.9,36.07,3015696,PPL
2016-02-24,36.0,36.17,35.42,35.93,6767832,PPL
2016-02-25,36.07,36.37,35.76,36.35,5827714,PPL
2016-02-26,36.17,36.3,34.75,34.82,9260702,PPL
2016-02-29,34.82,35.59,34.64,34.99,6836950,PPL
2016-03-01,35.22,35.32,34.61,34.83,6173509,PPL
2016-03-02,34.7,34.94,34.0,34.92,5462929,PPL
2016-03-03,35.03,35.27,34.57,35.26,4234773,PPL
2016-03-04,35.01,35.91,34.82,35.67,4524080,PPL
2016-03-07,35.67,36.18,35.51,36.06,5440941,PPL
2016-03-08,35.67,36.07,35.51,35.96,3923778,PPL
2016-03-09,36.0,36.6,36.0,36.46,4374057,PPL
2016-03-10,36.45,36.59,36.14,36.55,4777545,PPL
2016-03-11,36.58,36.77,36.39,36.56,3437708,PPL
2016-03-14,36.45,36.67,36.18,36.36,2698693,PPL
2016-03-15,36.22,36.63,36.19,36.51,2629930,PPL
2016-03-16,36.51,36.98,36.14,36.93,3350081,PPL
2016-03-17,36.9,37.68,36.78,37.57,5114650,PPL
2016-03-18,37.44,37.67,37.03,37.06,7562053,PPL
2016-03-21,37.17,37.43,36.8,37.19,3283505,PPL
2016-03-22,37.25,37.36,36.96,37.01,4790070,PPL
2016-03-23,36.97,37.24,36.72,37.06,4755525,PPL
2016-03-24,37.06,37.3,36.88,37.19,2370875,PPL
2016-03-28,37.26,37.44,36.96,37.17,1648748,PPL
2016-03-29,37.28,37.61,37.11,37.6,3049868,PPL
2016-03-30,37.73,37.85,37.46,37.7,2157504,PPL
2016-03-31,37.66,38.09,37.57,38.07,4787585,PPL
2016-04-01,38.1,38.23,37.63,38.19,3564638,PPL
2016-04-04,38.24,38.3,37.78,38.03,2376325,PPL
2016-04-05,37.92,37.99,37.2,37.33,4191152,PPL
2016-04-06,37.28,37.61,36.92,37.56,3917557,PPL
2016-04-07,37.53,37.71,37.24,37.36,2953331,PPL
2016-04-08,37.54,37.73,37.29,37.4,2644870,PPL
2016-04-11,37.34,37.68,37.17,37.19,2132024,PPL
2016-04-12,37.22,37.54,37.1,37.46,2252846,PPL
2016-04-13,37.47,37.47,36.85,37.11,3344119,PPL
2016-04-14,36.98,37.25,36.95,37.05,1763484,PPL
2016-04-15,37.08,37.59,36.98,37.54,3345757,PPL
2016-04-18,37.64,37.79,37.34,37.73,2540515,PPL
2016-04-19,37.8,37.92,37.49,37.8,3349009,PPL
2016-04-20,37.77,37.85,37.01,37.05,4406139,PPL
2016-04-21,37.03,37.05,36.14,36.27,6576027,PPL
2016-04-22,36.27,36.58,36.27,36.51,2863105,PPL
2016-04-25,36.5,36.62,36.35,36.55,3261198,PPL
2016-04-26,36.57,36.65,36.28,36.46,6042973,PPL
2016-04-27,36.62,37.15,36.46,36.86,5290370,PPL
2016-04-28,36.57,37.29,36.42,37.27,3985912,PPL
2016-04-29,37.29,37.75,36.98,37.64,5429111,PPL
2016-05-02,37.64,38.58,37.64,38.35,6228150,PPL
2016-05-03,38.27,38.46,37.9,38.08,4717577,PPL
2016-05-04,38.01,38.6,37.85,38.37,3740528,PPL
2016-05-05,38.28,38.78,38.17,38.32,4598224,PPL
2016-05-06,38.31,38.35,37.87,38.3,3081572,PPL
2016-05-09,38.36,38.58,38.28,38.44,3210077,PPL
2016-05-10,38.66,38.71,38.33,38.47,4005874,PPL
2016-05-11,38.57,38.75,38.32,38.71,3423771,PPL
2016-05-12,38.65,39.08,38.51,38.91,3079653,PPL
2016-05-13,38.81,38.99,38.61,38.89,4158989,PPL
2016-05-16,38.75,38.86,38.53,38.81,5011276,PPL
2016-05-17,38.74,38.78,38.07,38.3,3958370,PPL
2016-05-18,38.08,38.2,37.21,37.48,6571699,PPL
2016-05-19,37.28,37.93,37.1,37.9,3838462,PPL
2016-05-20,38.04,38.08,37.76,37.96,3891283,PPL
2016-05-23,37.98,38.05,37.43,37.45,4221773,PPL
2016-05-24,37.63,38.15,37.51,38.06,4602189,PPL
2016-05-25,37.83,38.1,37.66,38.0,2796118,PPL
2016-05-26,38.04,38.58,37.92,38.55,3535493,PPL
2016-05-27,38.61,38.7,38.33,38.68,3182956,PPL
2016-05-31,38.59,38.82,38.3,38.54,5126951,PPL
2016-06-01,38.47,38.75,38.44,38.64,4451200,PPL
2016-06-02,38.54,38.61,38.22,38.57,2738578,PPL
2016-06-03,38.94,39.42,38.89,39.3,5485305,PPL
2016-06-06,39.3,39.52,39.04,39.22,4101484,PPL
2016-06-07,39.2,39.5,39.15,39.24,4206272,PPL
2016-06-08,38.73,38.91,38.7,38.87,3730066,PPL
2016-06-09,38.88,39.3,38.87,39.25,3420826,PPL
2016-06-10,39.17,39.44,39.12,39.32,4889889,PPL
2016-06-13,39.28,39.48,38.71,38.78,7121750,PPL
2016-06-14,38.86,39.02,38.49,39.0,4726880,PPL
2016-06-15,39.07,39.1,38.73,38.83,6038864,PPL
2016-06-16,38.98,39.05,38.61,39.0,5758505,PPL
2016-06-17,38.94,39.16,38.85,39.04,10131391,PPL
2016-06-20,39.16,39.82,39.06,39.68,7514728,PPL
2016-06-21,39.64,39.92,39.44,39.67,3633134,PPL
2016-06-22,39.67,39.88,39.28,39.31,3677095,PPL
2016-06-23,39.47,39.51,39.17,39.44,5231461,PPL
2016-06-24,37.82,38.5,36.96,37.18,16873478,PPL
2016-06-27,36.8,37.04,36.34,36.57,8933482,PPL
2016-06-28,36.75,36.91,36.33,36.66,8182083,PPL
2016-06-29,36.85,37.07,36.63,37.05,5886748,PPL
2016-06-30,37.17,37.81,37.06,37.75,7844341,PPL
2016-07-01,37.8,37.88,37.28,37.6,4513318,PPL
2016-07-05,37.6,37.74,37.47,37.62,5298253,PPL
2016-07-06,37.61,37.69,36.85,37.3,6336141,PPL
2016-07-07,37.33,37.42,36.92,36.97,5092397,PPL
2016-07-08,37.07,37.48,36.66,37.46,3948337,PPL
2016-07-11,37.35,37.66,37.16,37.64,3770108,PPL
2016-07-12,37.39,37.66,37.25,37.3,4980992,PPL
2016-07-13,37.49,37.56,37.21,37.52,4166820,PPL
2016-07-14,37.26,37.38,37.06,37.09,6094312,PPL
2016-07-15,37.15,37.25,36.96,37.15,3766197,PPL
2016-07-18,37.24,37.44,37.17,37.32,3456761,PPL
2016-07-19,37.32,37.42,37.07,37.17,3619224,PPL
2016-07-20,37.21,37.3,36.9,36.95,3804404,PPL
2016-07-21,36.81,37.16,36.69,37.13,3031862,PPL
2016-07-22,37.15,37.74,37.12,37.7,4067566,PPL
2016-07-25,37.65,37.69,37.25,37.53,3406239,PPL
2016-07-26,37.51,37.65,36.96,37.33,4495291,PPL
2016-07-27,37.25,37.33,36.77,37.02,3738592,PPL
2016-07-28,36.94,37.31,36.88,37.24,2563992,PPL
2016-07-29,37.22,37.73,37.22,37.71,3644675,PPL
2016-08-01,37.66,37.76,37.44,37.6,2768846,PPL
2016-08-02,37.45,37.56,37.0,37.16,3725651,PPL
2016-08-03,37.16,37.23,36.89,37.1,3503830,PPL
2016-08-04,37.17,37.26,36.86,36.96,3035883,PPL
2016-08-05,36.8,36.93,36.55,36.76,4534768,PPL
2016-08-08,36.89,37.06,36.61,36.64,4379141,PPL
2016-08-09,36.37,36.6,35.81,36.25,5184436,PPL
2016-08-10,36.09,36.2,35.78,36.03,4498614,PPL
2016-08-11,36.04,36.41,35.9,36.4,4332961,PPL
2016-08-12,36.56,36.75,36.24,36.26,3372437,PPL
2016-08-15,36.26,36.39,35.38,35.42,5367252,PPL
2016-08-16,35.32,35.33,34.94,34.97,4913168,PPL
2016-08-17,34.93,35.47,34.56,35.37,6565002,PPL
2016-08-18,35.27,35.6,35.27,35.58,4370203,PPL
2016-08-19,35.38,35.47,34.95,35.15,4016688,PPL
2016-08-22,35.28,35.44,35.07,35.42,4191471,PPL
2016-08-23,35.49,35.76,35.26,35.26,3457021,PPL
2016-08-24,35.27,35.4,34.93,35.26,4336778,PPL
2016-08-25,35.34,35.41,35.2,35.32,2701162,PPL
2016-08-26,35.31,35.61,34.62,34.66,3505303,PPL
2016-08-29,34.86,35.06,34.59,34.98,3078991,PPL
2016-08-30,34.96,35.16,34.42,34.51,5063494,PPL
2016-08-31,34.51,34.79,34.35,34.78,6481301,PPL
2016-09-01,34.75,34.84,34.38,34.44,4781535,PPL
2016-09-02,34.61,35.06,34.6,35.03,4869324,PPL
2016-09-06,35.16,35.49,35.11,35.31,4180018,PPL
2016-09-07,34.93,34.95,34.55,34.71,3798266,PPL
2016-09-08,34.67,35.0,34.67,34.94,4375168,PPL
2016-09-09,34.71,34.71,33.61,33.63,5697033,PPL
2016-09-12,33.53,34.25,33.52,34.21,6921631,PPL
2016-09-13,34.2,34.21,33.65,33.75,4794404,PPL
2016-09-14,33.95,34.47,33.88,34.13,5171894,PPL
2016-09-15,34.11,34.74,33.98,34.68,4853534,PPL
2016-09-16,34.6,35.12,34.42,35.09,7192355,PPL
2016-09-19,35.16,35.21,34.88,35.11,3970204,PPL
2016-09-20,35.19,35.25,34.75,34.77,4428375,PPL
2016-09-21,34.77,35.49,34.75,35.45,4460013,PPL
2016-09-22,35.62,35.88,35.57,35.82,3435483,PPL
2016-09-23,35.5,35.81,35.4,35.7,4155500,PPL
2016-09-26,35.67,35.81,35.48,35.76,4682299,PPL
2016-09-27,35.91,35.94,35.14,35.24,4739105,PPL
2016-09-28,35.38,35.48,34.82,35.11,4123336,PPL
2016-09-29,35.02,35.05,34.72,34.82,4647401,PPL
2016-09-30,34.87,35.07,34.4,34.57,4998489,PPL
2016-10-03,34.48,34.57,33.71,33.95,5283353,PPL
2016-10-04,33.95,34.0,32.75,32.9,9571682,PPL
2016-10-05,32.95,33.0,32.35,32.65,10898333,PPL
2016-10-06,32.56,32.71,32.38,32.5,8117127,PPL
2016-10-07,32.53,33.24,32.08,32.25,8085645,PPL
2016-10-10,32.32,32.57,32.26,32.51,3945845,PPL
2016-10-11,32.46,32.6,32.12,32.19,4339836,PPL
2016-10-12,32.44,32.71,32.35,32.52,5738189,PPL
2016-10-13,32.46,33.4,32.37,33.0,12995499,PPL
2016-10-14,32.96,33.17,32.8,32.92,5691635,PPL
2016-10-17,32.95,33.15,32.86,33.06,3411441,PPL
2016-10-18,33.28,33.47,33.02,33.41,3877357,PPL
2016-10-19,33.33,33.53,33.23,33.36,3401751,PPL
2016-10-20,33.42,33.68,33.29,33.58,5049774,PPL
2016-10-21,33.42,33.58,33.14,33.32,3454896,PPL
2016-10-24,33.43,33.6,33.23,33.53,2485034,PPL
2016-10-25,33.43,33.74,33.4,33.7,2796173,PPL
2016-10-26,33.62,33.91,33.43,33.84,2950520,PPL
2016-10-27,33.67,33.83,33.54,33.68,3846972,PPL
2016-10-28,33.7,33.95,33.63,33.81,3562326,PPL
2016-10-31,33.96,34.56,33.85,34.34,5208645,PPL
2016-11-01,34.98,34.98,33.87,34.0,6690148,PPL
2016-11-02,33.93,34.11,33.52,33.91,4624450,PPL
2016-11-03,33.91,34.44,33.8,34.1,4769091,PPL
2016-11-04,34.27,34.45,34.0,34.02,3861508,PPL
2016-11-07,34.17,34.55,33.84,34.55,4026789,PPL
2016-11-08,34.61,34.93,34.49,34.74,3378909,PPL
2016-11-09,34.05,34.13,33.45,33.58,5569588,PPL
2016-11-10,33.41,33.67,32.46,33.11,6914564,PPL
2016-11-11,33.11,33.56,32.97,33.15,4951889,PPL
2016-11-14,33.0,33.09,32.6,32.86,7600709,PPL
2016-11-15,33.0,33.26,32.86,33.24,5239104,PPL
2016-11-16,33.34,33.43,32.67,32.87,3562041,PPL
2016-11-17,32.8,33.07,32.76,32.83,2987604,PPL
2016-11-18,32.89,33.1,32.67,32.84,2901138,PPL
2016-11-21,32.98,33.36,32.85,33.34,4023942,PPL
2016-11-22,33.24,33.46,33.07,33.32,3352141,PPL
2016-11-23,33.02,33.24,32.7,32.81,3219576,PPL
2016-11-25,32.89,33.46,32.89,33.32,1783866,PPL
2016-11-28,33.41,34.31,33.41,34.15,4966645,PPL
2016-11-29,34.08,34.38,34.03,34.19,4035469,PPL
2016-11-30,33.75,34.12,33.46,33.46,6759935,PPL
2016-12-01,33.28,33.34,32.78,33.1,4619657,PPL
2016-12-02,33.32,33.57,33.07,33.34,3488736,PPL
2016-12-05,33.17,33.27,32.87,33.25,5499019,PPL
2016-12-06,33.3,33.37,32.94,33.08,4690115,PPL
2016-12-07,32.8,33.11,32.69,33.1,4298447,PPL
2016-12-08,32.9,33.23,32.71,33.11,4636791,PPL
2016-12-09,33.17,33.55,33.13,33.51,4871078,PPL
2016-12-12,33.43,34.06,33.39,33.94,3809299,PPL
2016-12-13,33.98,34.25,33.86,34.21,3751918,PPL
2016-12-14,34.41,34.62,33.68,33.78,4936943,PPL
2016-12-15,33.56,34.24,33.52,34.15,4126308,PPL
2016-12-16,34.21,34.9,34.07,34.63,9949666,PPL
2016-12-19,34.77,34.84,34.14,34.58,3911555,PPL
2016-12-20,34.57,34.7,34.4,34.5,3195270,PPL
2016-12-21,34.46,34.8,34.41,34.43,2770055,PPL
2016-12-22,34.4,34.49,34.19,34.46,2621166,PPL
2016-12-23,34.51,34.51,34.1,34.29,1730578,PPL
2016-12-27,34.29,34.36,34.07,34.21,2290593,PPL
2016-12-28,34.28,34.3,33.78,33.86,3203190,PPL
2016-12-29,33.99,34.33,33.88,34.26,2885678,PPL
2016-12-30,34.31,34.36,33.95,34.05,2751938,PPL
2017-01-03,34.05,34.21,33.78,34.03,3366963,PPL
2017-01-04,34.05,34.51,34.0,34.1,3187421,PPL
2017-01-05,34.17,34.32,33.79,34.3,3497125,PPL
2017-01-06,34.17,34.59,34.08,34.56,3542674,PPL
2017-01-09,34.54,34.67,34.16,34.22,5474746,PPL
2017-01-10,34.15,34.2,33.72,33.94,3255388,PPL
2017-01-11,33.96,34.32,33.93,34.24,2423149,PPL
2017-01-12,34.23,34.62,34.19,34.5,3872535,PPL
2017-01-13,34.41,34.51,34.18,34.36,2692933,PPL
2017-01-17,34.22,34.78,34.22,34.69,6164678,PPL
2017-01-18,34.63,34.74,34.48,34.54,2218783,PPL
2017-01-19,34.31,34.56,34.13,34.23,2360227,PPL
2017-01-20,34.29,34.41,34.09,34.4,2596527,PPL
2017-01-23,34.47,34.63,34.28,34.36,2403104,PPL
2017-01-24,34.36,34.67,34.26,34.61,2801331,PPL
2017-01-25,34.49,34.66,34.39,34.52,2582737,PPL
2017-01-26,34.5,34.74,34.26,34.41,2140389,PPL
2017-01-27,34.5,34.54,34.14,34.27,2556072,PPL
2017-01-30,34.34,34.39,34.08,34.38,3147583,PPL
2017-01-31,34.4,34.92,34.34,34.84,5204272,PPL
2017-02-01,34.66,35.39,34.58,34.95,4932307,PPL
2017-02-02,35.09,35.36,34.89,35.28,3231888,PPL
2017-02-03,35.33,35.58,35.3,35.46,3200182,PPL
2017-02-06,35.56,35.63,35.22,35.24,4001895,PPL
2017-02-07,35.34,35.49,35.23,35.4,2205968,PPL
2017-02-08,35.31,35.68,35.3,35.65,2601361,PPL
2017-02-09,35.6,35.7,35.31,35.42,3444333,PPL
2017-02-10,35.35,35.62,35.34,35.5,3706985,PPL
2017-02-13,35.54,35.73,35.36,35.73,2262020,PPL
2017-02-14,35.63,35.68,35.31,35.47,2664037,PPL
2017-02-15,35.23,35.56,35.08,35.48,2317208,PPL
2017-02-16,35.38,35.72,35.35,35.72,2694712,PPL
2017-02-17,35.75,35.79,35.34,35.63,3438736,PPL
2017-02-21,35.61,36.11,35.48,36.03,2632458,PPL
2017-02-22,36.06,36.27,35.95,36.2,2367832,PPL
2017-02-23,36.35,36.65,36.23,36.52,2609592,PPL
2017-02-24,36.59,36.83,36.43,36.83,3255850,PPL
2017-02-27,36.83,36.86,36.54,36.57,3024457,PPL
2017-02-28,36.57,37.01,36.57,36.88,4154334,PPL
2017-03-01,36.5,36.95,36.33,36.73,3614903,PPL
2017-03-02,36.57,37.03,36.55,36.84,2655749,PPL
2017-03-03,36.86,36.87,36.4,36.68,3151787,PPL
2017-03-06,36.66,36.8,36.44,36.78,2999395,PPL
2017-03-07,36.76,36.89,36.59,36.79,3334600,PPL
2017-03-08,36.08,36.14,35.82,36.04,4177443,PPL
2017-03-09,36.01,36.24,35.95,36.03,3192904,PPL
2017-03-10,36.22,36.37,36.06,36.32,2789171,PPL
2017-03-13,36.27,36.46,36.19,36.45,3234187,PPL
2017-03-14,36.38,36.45,36.24,36.43,1976348,PPL
2017-03-15,36.49,37.08,36.48,36.9,3548362,PPL
2017-03-16,36.84,36.85,36.59,36.74,2841519,PPL
2017-03-17,36.84,37.2,36.77,36.99,5653693,PPL
2017-03-20,37.02,37.13,36.66,36.8,2548891,PPL
2017-03-21,36.79,37.62,36.79,37.47,3871361,PPL
2017-03-22,37.62,37.89,37.48,37.64,3597502,PPL
2017-03-23,37.6,37.95,37.52,37.64,2901908,PPL
2017-03-24,37.63,37.83,37.49,37.6,2269041,PPL
2017-03-27,37.79,37.91,37.38,37.56,3220173,PPL
2017-03-28,37.4,37.74,37.35,37.7,4009712,PPL
2017-03-29,37.61,37.61,37.15,37.44,4513179,PPL
2017-03-30,37.32,37.37,37.09,37.24,2968991,PPL
2017-03-31,37.29,37.6,37.21,37.39,3518711,PPL
2017-04-03,37.38,37.38,36.91,37.11,6326907,PPL
2017-04-04,37.17,37.48,37.08,37.37,3121149,PPL
2017-04-05,37.3,37.56,37.21,37.51,3362528,PPL
2017-04-06,37.48,37.5,37.26,37.41,3097144,PPL
2017-04-07,37.48,37.6,37.25,37.27,2586916,PPL
2017-04-10,37.25,37.34,37.01,37.28,2472921,PPL
2017-04-11,37.26,37.45,37.1,37.35,2573911,PPL
2017-04-12,37.35,37.78,37.22,37.78,3258517,PPL
2017-04-13,37.73,37.8,37.47,37.58,2756867,PPL
2017-04-17,37.65,37.93,37.63,37.93,3341667,PPL
2017-04-18,37.88,38.29,37.88,38.1,4097874,PPL
2017-04-19,38.0,38.04,37.61,37.77,3175063,PPL
2017-04-20,37.76,37.86,37.42,37.8,2645458,PPL
2017-04-21,37.79,38.13,37.75,37.93,3919936,PPL
2017-04-24,37.98,38.07,37.72,38.0,3471345,PPL
2017-04-25,37.93,38.16,37.86,38.16,2756173,PPL
2017-04-26,38.04,38.26,37.93,37.94,2802811,PPL
2017-04-27,37.93,38.32,37.91,38.08,2067797,PPL
2017-04-28,38.1,38.22,37.99,38.11,3253957,PPL
2017-05-01,38.17,38.18,37.88,37.98,3565483,PPL
2017-05-02,37.99,38.18,37.8,38.04,2835447,PPL
2017-05-03,37.99,38.14,37.84,37.98,2904044,PPL
2017-05-04,37.4,38.49,37.4,38.44,3834173,PPL
2017-05-05,38.54,38.79,38.37,38.53,3165453,PPL
2017-05-08,38.58,38.72,38.49,38.69,2690179,PPL
2017-05-09,38.61,38.66,38.31,38.37,3356059,PPL
2017-05-10,38.39,38.56,38.36,38.53,3706072,PPL
2017-05-11,38.47,38.58,38.26,38.54,2633574,PPL
2017-05-12,38.56,38.84,38.49,38.76,1884576,PPL
2017-05-15,38.75,38.99,38.67,38.83,2134065,PPL
2017-05-16,38.77,38.89,38.48,38.48,2658086,PPL
2017-05-17,38.52,38.91,38.48,38.69,3960886,PPL
2017-05-18,38.76,38.98,38.46,38.8,3289622,PPL
2017-05-19,38.77,38.94,38.51,38.82,4762561,PPL
2017-05-22,38.8,39.25,38.8,39.15,3150868,PPL
2017-05-23,39.26,39.57,39.18,39.29,2650555,PPL
2017-05-24,39.35,39.65,39.35,39.57,2543962,PPL
2017-05-25,39.55,39.94,39.52,39.9,2125545,PPL
2017-05-26,39.84,40.0,39.8,39.86,2144829,PPL
2017-05-30,39.87,39.94,39.78,39.87,2199570,PPL
2017-05-31,39.91,40.1,39.65,39.91,5623008,PPL
2017-06-01,39.72,39.97,39.67,39.96,3754460,PPL
2017-06-02,40.19,40.2,39.86,40.06,3490666,PPL
2017-06-05,40.09,40.17,39.92,40.02,2370613,PPL
2017-06-06,40.13,40.2,39.87,39.9,3443952,PPL
2017-06-07,39.61,39.8,39.55,39.66,4640231,PPL
2017-06-08,39.62,39.62,39.1,39.41,3708194,PPL
2017-06-09,39.23,39.36,38.95,39.2,3896439,PPL
2017-06-12,39.21,39.38,38.71,38.88,4988588,PPL
2017-06-13,38.93,39.05,38.82,38.98,2878100,PPL
2017-06-14,39.27,39.45,39.2,39.29,3878660,PPL
2017-06-15,39.24,39.52,39.12,39.44,2869012,PPL
2017-06-16,39.57,39.7,39.4,39.49,6181984,PPL
2017-06-19,39.55,39.7,39.37,39.58,3057314,PPL
2017-06-20,39.52,39.56,39.3,39.34,2891765,PPL
2017-06-21,39.3,39.42,38.85,39.39,4945192,PPL
2017-06-22,39.3,39.38,38.98,39.02,2874415,PPL
2017-06-23,39.0,39.14,38.7,38.83,3576788,PPL
2017-06-26,38.99,39.48,38.83,39.29,3743338,PPL
2017-06-27,39.15,39.32,38.91,39.02,3036005,PPL
2017-06-28,39.17,39.41,38.79,38.84,3207507,PPL
2017-06-29,38.66,38.78,38.44,38.66,3726097,PPL
2017-06-30,38.74,38.92,38.65,38.66,3114184,PPL
2017-07-03,38.8,38.84,38.24,38.28,1989331,PPL
2017-07-05,38.36,38.37,38.06,38.29,3263384,PPL
2017-07-06,38.18,38.28,37.93,38.03,3622549,PPL
2017-07-07,38.03,38.29,38.0,38.07,2333574,PPL
2017-07-10,38.19,38.32,37.91,37.94,3816970,PPL
2017-07-11,38.0,38.06,37.54,37.76,3229358,PPL
2017-07-12,37.98,38.08,37.69,37.8,4301118,PPL
2017-07-13,37.74,37.8,37.44,37.44,2511211,PPL
2017-07-14,37.72,37.73,37.19,37.36,6090474,PPL
2017-07-17,37.38,37.71,37.32,37.67,2997748,PPL
2017-07-18,37.71,37.85,37.58,37.69,2286905,PPL
2017-07-19,38.5,38.5,38.07,38.12,5476654,PPL
2017-07-20,38.12,38.31,37.96,38.24,4100001,PPL
2017-07-21,38.23,38.58,38.13,38.55,2791627,PPL
2017-07-24,38.51,38.7,38.28,38.4,3767786,PPL
2017-07-25,38.43,38.48,37.91,37.97,2248047,PPL
2017-07-26,37.94,38.11,37.81,38.09,2871558,PPL
2017-07-27,38.01,38.25,37.88,38.12,3185815,PPL
2017-07-28,38.12,38.2,37.86,38.18,2988889,PPL
2017-07-31,,38.41,,38.33,3397690,PPL
2017-08-01,38.4,38.8,38.39,38.61,3314863,PPL
2017-08-02,38.48,38.96,38.35,38.96,3731364,PPL
2017-08-03,38.42,39.18,38.35,39.11,3208548,PPL
2017-08-04,38.99,39.07,38.66,38.79,2562044,PPL
2017-08-07,38.7,38.84,38.66,38.83,1581123,PPL
2017-08-08,38.74,38.85,38.69,38.83,1863594,PPL
2017-08-09,38.87,38.9,38.56,38.6,3095131,PPL
2017-08-10,38.61,38.83,38.47,38.75,1877071,PPL
2017-08-11,38.74,38.84,38.38,38.49,1661690,PPL
